{
  "users": [
    {
      "id": 1,
      "username": "maksim88",
      "password": "zh5S4n7CmpDFBpn",
      "is_regulator": false,
      "regulator_balance": "0.00000000",
      "last_nft_generation": null,
      "nft_generation_count": 0
    },
    {
      "id": 2,
      "username": "admin",
      "password": "admin123",
      "is_regulator": true,
      "regulator_balance": "45684744.35563000",
      "last_nft_generation": null,
      "nft_generation_count": 0
    },
    {
      "id": 3,
      "username": "regulator",
      "password": "Regulator123",
      "is_regulator": true,
      "regulator_balance": "500000.00000000",
      "last_nft_generation": null,
      "nft_generation_count": 0
    }
  ],
  "cards": [
    {
      "id": 2,
      "userId": 1,
      "type": "usd",
      "number": "4112322062136520",
      "expiry": "08/28",
      "cvv": "736",
      "balance": "0.00000000",
      "btcBalance": "0.00000000",
      "ethBalance": "0.00000000",
      "btcAddress": null,
      "ethAddress": null
    },
    {
      "id": 3,
      "userId": 1,
      "type": "uah",
      "number": "4113907910039456",
      "expiry": "08/28",
      "cvv": "781",
      "balance": "0.00000000",
      "btcBalance": "0.00000000",
      "ethBalance": "0.00000000",
      "btcAddress": null,
      "ethAddress": null
    },
    {
      "id": 1,
      "userId": 1,
      "type": "crypto",
      "number": "4111681126189854",
      "expiry": "08/28",
      "cvv": "165",
      "balance": "0.00000000",
      "btcBalance": "0.00000000",
      "ethBalance": "0.00000000",
      "btcAddress": "1GWzB5z23nWRwz952sfMPvdxDsRTkhWyss",
      "ethAddress": "0x441e217F7C659DFA9C7cf5Cb5D574043b0B865f7"
    },
    {
      "id": 4,
      "userId": 3,
      "type": "usd",
      "number": "4111 6811 2618 7940",
      "expiry": "08/28",
      "cvv": "407",
      "balance": "1000.00000000",
      "btcBalance": "0.00000000",
      "ethBalance": "0.00000000",
      "btcAddress": null,
      "ethAddress": null
    },
    {
      "id": 5,
      "userId": 3,
      "type": "uah",
      "number": "4111 6811 2618 5286",
      "expiry": "08/28",
      "cvv": "336",
      "balance": "40000.00000000",
      "btcBalance": "0.00000000",
      "ethBalance": "0.00000000",
      "btcAddress": null,
      "ethAddress": null
    },
    {
      "id": 6,
      "userId": 3,
      "type": "crypto",
      "number": "4111 6811 2618 9390",
      "expiry": "08/28",
      "cvv": "276",
      "balance": "0.00000000",
      "btcBalance": "0.00000000",
      "ethBalance": "0.00000000",
      "btcAddress": "1NeGKbeLmAvNEvg7ZHfE6mgsQQyynTrrMY",
      "ethAddress": "0xFB734f2527B58d1fe46477042428Ad7dC557afCd"
    }
  ],
  "transactions": [],
  "rates": [
    {
      "id": 1,
      "usdToUah": "41.32",
      "btcToUsd": "115119.00",
      "ethToUsd": "4718.41",
      "updatedAt": "2025-08-23T13:14:07.141Z"
    },
    {
      "id": 2,
      "usdToUah": "40.50",
      "btcToUsd": "65000.00",
      "ethToUsd": "3500.00",
      "updatedAt": "2025-08-23T13:14:11.606Z"
    },
    {
      "id": 3,
      "usdToUah": "41.32",
      "btcToUsd": "115119.00",
      "ethToUsd": "4718.41",
      "updatedAt": "2025-08-23T13:14:36.016Z"
    },
    {
      "id": 4,
      "usdToUah": "41.32",
      "btcToUsd": "115119.00",
      "ethToUsd": "4718.41",
      "updatedAt": "2025-08-23T13:15:06.016Z"
    },
    {
      "id": 5,
      "usdToUah": "41.32",
      "btcToUsd": "115119.00",
      "ethToUsd": "4718.41",
      "updatedAt": "2025-08-23T13:15:36.016Z"
    },
    {
      "id": 6,
      "usdToUah": "41.32",
      "btcToUsd": "115119.00",
      "ethToUsd": "4718.41",
      "updatedAt": "2025-08-23T13:16:06.016Z"
    },
    {
      "id": 7,
      "usdToUah": "41.32",
      "btcToUsd": "115119.00",
      "ethToUsd": "4718.41",
      "updatedAt": "2025-08-23T13:16:36.016Z"
    },
    {
      "id": 8,
      "usdToUah": "41.32",
      "btcToUsd": "115119.00",
      "ethToUsd": "4718.41",
      "updatedAt": "2025-08-23T13:17:06.016Z"
    },
    {
      "id": 9,
      "usdToUah": "41.32",
      "btcToUsd": "115119.00",
      "ethToUsd": "4718.41",
      "updatedAt": "2025-08-23T13:17:36.016Z"
    },
    {
      "id": 10,
      "usdToUah": "41.32",
      "btcToUsd": "115119.00",
      "ethToUsd": "4718.41",
      "updatedAt": "2025-08-23T13:18:06.017Z"
    },
    {
      "id": 11,
      "usdToUah": "41.32",
      "btcToUsd": "115119.00",
      "ethToUsd": "4718.41",
      "updatedAt": "2025-08-23T13:18:36.017Z"
    },
    {
      "id": 12,
      "usdToUah": "41.32",
      "btcToUsd": "115119.00",
      "ethToUsd": "4718.41",
      "updatedAt": "2025-08-23T13:19:06.017Z"
    },
    {
      "id": 13,
      "usdToUah": "41.32",
      "btcToUsd": "115124.00",
      "ethToUsd": "4720.29",
      "updatedAt": "2025-08-23T13:19:36.219Z"
    },
    {
      "id": 14,
      "usdToUah": "41.32",
      "btcToUsd": "115124.00",
      "ethToUsd": "4720.29",
      "updatedAt": "2025-08-23T13:20:06.018Z"
    },
    {
      "id": 15,
      "usdToUah": "41.32",
      "btcToUsd": "115124.00",
      "ethToUsd": "4720.29",
      "updatedAt": "2025-08-23T13:20:36.019Z"
    },
    {
      "id": 16,
      "usdToUah": "41.32",
      "btcToUsd": "115124.00",
      "ethToUsd": "4720.29",
      "updatedAt": "2025-08-23T13:21:06.018Z"
    },
    {
      "id": 17,
      "usdToUah": "41.32",
      "btcToUsd": "115124.00",
      "ethToUsd": "4720.29",
      "updatedAt": "2025-08-23T13:21:36.019Z"
    },
    {
      "id": 18,
      "usdToUah": "41.32",
      "btcToUsd": "115124.00",
      "ethToUsd": "4720.29",
      "updatedAt": "2025-08-23T13:22:06.019Z"
    },
    {
      "id": 19,
      "usdToUah": "41.32",
      "btcToUsd": "115124.00",
      "ethToUsd": "4720.29",
      "updatedAt": "2025-08-23T13:22:36.020Z"
    },
    {
      "id": 20,
      "usdToUah": "41.32",
      "btcToUsd": "115124.00",
      "ethToUsd": "4720.29",
      "updatedAt": "2025-08-23T13:23:06.020Z"
    },
    {
      "id": 21,
      "usdToUah": "41.32",
      "btcToUsd": "115069.00",
      "ethToUsd": "4718.32",
      "updatedAt": "2025-08-23T13:23:34.018Z"
    },
    {
      "id": 22,
      "usdToUah": "41.32",
      "btcToUsd": "115069.00",
      "ethToUsd": "4718.32",
      "updatedAt": "2025-08-23T13:24:02.837Z"
    },
    {
      "id": 23,
      "usdToUah": "41.32",
      "btcToUsd": "115069.00",
      "ethToUsd": "4718.32",
      "updatedAt": "2025-08-23T13:24:32.837Z"
    },
    {
      "id": 24,
      "usdToUah": "41.32",
      "btcToUsd": "115069.00",
      "ethToUsd": "4718.32",
      "updatedAt": "2025-08-23T13:25:02.837Z"
    },
    {
      "id": 25,
      "usdToUah": "41.32",
      "btcToUsd": "115069.00",
      "ethToUsd": "4718.32",
      "updatedAt": "2025-08-23T13:25:32.837Z"
    },
    {
      "id": 26,
      "usdToUah": "41.32",
      "btcToUsd": "115069.00",
      "ethToUsd": "4718.32",
      "updatedAt": "2025-08-23T13:26:02.837Z"
    },
    {
      "id": 27,
      "usdToUah": "41.32",
      "btcToUsd": "115069.00",
      "ethToUsd": "4718.32",
      "updatedAt": "2025-08-23T13:26:32.837Z"
    },
    {
      "id": 28,
      "usdToUah": "41.32",
      "btcToUsd": "115069.00",
      "ethToUsd": "4718.32",
      "updatedAt": "2025-08-23T13:27:02.837Z"
    },
    {
      "id": 29,
      "usdToUah": "41.32",
      "btcToUsd": "115069.00",
      "ethToUsd": "4718.32",
      "updatedAt": "2025-08-23T13:27:32.837Z"
    },
    {
      "id": 30,
      "usdToUah": "41.32",
      "btcToUsd": "115069.00",
      "ethToUsd": "4718.32",
      "updatedAt": "2025-08-23T13:28:02.837Z"
    },
    {
      "id": 31,
      "usdToUah": "41.32",
      "btcToUsd": "115069.00",
      "ethToUsd": "4718.32",
      "updatedAt": "2025-08-23T13:28:32.837Z"
    },
    {
      "id": 32,
      "usdToUah": "41.32",
      "btcToUsd": "115064.00",
      "ethToUsd": "4717.14",
      "updatedAt": "2025-08-23T13:29:03.019Z"
    },
    {
      "id": 33,
      "usdToUah": "41.32",
      "btcToUsd": "115064.00",
      "ethToUsd": "4717.14",
      "updatedAt": "2025-08-23T13:29:32.838Z"
    },
    {
      "id": 34,
      "usdToUah": "41.32",
      "btcToUsd": "115064.00",
      "ethToUsd": "4717.14",
      "updatedAt": "2025-08-23T13:30:02.839Z"
    },
    {
      "id": 35,
      "usdToUah": "41.32",
      "btcToUsd": "115052.00",
      "ethToUsd": "4719.61",
      "updatedAt": "2025-08-23T13:30:27.476Z"
    },
    {
      "id": 36,
      "usdToUah": "41.32",
      "btcToUsd": "115052.00",
      "ethToUsd": "4719.61",
      "updatedAt": "2025-08-23T13:30:56.258Z"
    },
    {
      "id": 37,
      "usdToUah": "41.32",
      "btcToUsd": "115052.00",
      "ethToUsd": "4719.61",
      "updatedAt": "2025-08-23T13:31:26.258Z"
    },
    {
      "id": 38,
      "usdToUah": "41.32",
      "btcToUsd": "115052.00",
      "ethToUsd": "4719.61",
      "updatedAt": "2025-08-23T13:31:56.258Z"
    },
    {
      "id": 39,
      "usdToUah": "41.32",
      "btcToUsd": "115052.00",
      "ethToUsd": "4719.61",
      "updatedAt": "2025-08-23T13:32:26.258Z"
    },
    {
      "id": 40,
      "usdToUah": "41.32",
      "btcToUsd": "115052.00",
      "ethToUsd": "4719.61",
      "updatedAt": "2025-08-23T13:32:56.258Z"
    },
    {
      "id": 41,
      "usdToUah": "41.32",
      "btcToUsd": "115052.00",
      "ethToUsd": "4719.61",
      "updatedAt": "2025-08-23T13:33:26.258Z"
    },
    {
      "id": 42,
      "usdToUah": "41.32",
      "btcToUsd": "115052.00",
      "ethToUsd": "4719.61",
      "updatedAt": "2025-08-23T13:33:56.258Z"
    },
    {
      "id": 43,
      "usdToUah": "41.32",
      "btcToUsd": "115052.00",
      "ethToUsd": "4719.61",
      "updatedAt": "2025-08-23T13:34:26.258Z"
    },
    {
      "id": 44,
      "usdToUah": "41.32",
      "btcToUsd": "115052.00",
      "ethToUsd": "4719.61",
      "updatedAt": "2025-08-23T13:34:56.258Z"
    },
    {
      "id": 45,
      "usdToUah": "41.32",
      "btcToUsd": "115052.00",
      "ethToUsd": "4719.61",
      "updatedAt": "2025-08-23T13:35:26.258Z"
    },
    {
      "id": 46,
      "usdToUah": "41.32",
      "btcToUsd": "114926.00",
      "ethToUsd": "4723.21",
      "updatedAt": "2025-08-23T13:35:56.414Z"
    },
    {
      "id": 47,
      "usdToUah": "41.32",
      "btcToUsd": "114926.00",
      "ethToUsd": "4723.21",
      "updatedAt": "2025-08-23T13:36:18.841Z"
    },
    {
      "id": 48,
      "usdToUah": "41.32",
      "btcToUsd": "114926.00",
      "ethToUsd": "4723.21",
      "updatedAt": "2025-08-23T13:36:48.197Z"
    },
    {
      "id": 49,
      "usdToUah": "41.32",
      "btcToUsd": "114926.00",
      "ethToUsd": "4723.21",
      "updatedAt": "2025-08-23T13:37:18.198Z"
    },
    {
      "id": 50,
      "usdToUah": "41.32",
      "btcToUsd": "114926.00",
      "ethToUsd": "4723.21",
      "updatedAt": "2025-08-23T13:37:48.198Z"
    },
    {
      "id": 51,
      "usdToUah": "41.32",
      "btcToUsd": "114926.00",
      "ethToUsd": "4723.21",
      "updatedAt": "2025-08-23T13:38:18.197Z"
    },
    {
      "id": 52,
      "usdToUah": "41.32",
      "btcToUsd": "114926.00",
      "ethToUsd": "4723.21",
      "updatedAt": "2025-08-23T13:38:48.198Z"
    },
    {
      "id": 53,
      "usdToUah": "41.32",
      "btcToUsd": "114926.00",
      "ethToUsd": "4723.21",
      "updatedAt": "2025-08-23T13:39:18.198Z"
    },
    {
      "id": 54,
      "usdToUah": "41.32",
      "btcToUsd": "114926.00",
      "ethToUsd": "4723.21",
      "updatedAt": "2025-08-23T13:39:48.198Z"
    },
    {
      "id": 55,
      "usdToUah": "41.32",
      "btcToUsd": "114926.00",
      "ethToUsd": "4723.21",
      "updatedAt": "2025-08-23T13:40:18.198Z"
    },
    {
      "id": 56,
      "usdToUah": "41.32",
      "btcToUsd": "114926.00",
      "ethToUsd": "4723.21",
      "updatedAt": "2025-08-23T13:40:48.198Z"
    },
    {
      "id": 57,
      "usdToUah": "41.32",
      "btcToUsd": "114926.00",
      "ethToUsd": "4723.21",
      "updatedAt": "2025-08-23T13:41:18.198Z"
    },
    {
      "id": 58,
      "usdToUah": "41.32",
      "btcToUsd": "114810.00",
      "ethToUsd": "4717.71",
      "updatedAt": "2025-08-23T13:41:48.409Z"
    },
    {
      "id": 59,
      "usdToUah": "41.32",
      "btcToUsd": "114810.00",
      "ethToUsd": "4717.71",
      "updatedAt": "2025-08-23T13:42:18.198Z"
    },
    {
      "id": 60,
      "usdToUah": "41.32",
      "btcToUsd": "114810.00",
      "ethToUsd": "4717.71",
      "updatedAt": "2025-08-23T13:42:48.198Z"
    },
    {
      "id": 61,
      "usdToUah": "41.32",
      "btcToUsd": "114810.00",
      "ethToUsd": "4717.71",
      "updatedAt": "2025-08-23T13:43:18.198Z"
    },
    {
      "id": 62,
      "usdToUah": "41.32",
      "btcToUsd": "114810.00",
      "ethToUsd": "4717.71",
      "updatedAt": "2025-08-23T13:43:48.198Z"
    },
    {
      "id": 63,
      "usdToUah": "41.32",
      "btcToUsd": "114810.00",
      "ethToUsd": "4717.71",
      "updatedAt": "2025-08-23T13:44:18.198Z"
    },
    {
      "id": 64,
      "usdToUah": "41.32",
      "btcToUsd": "114810.00",
      "ethToUsd": "4717.71",
      "updatedAt": "2025-08-23T13:44:48.198Z"
    },
    {
      "id": 65,
      "usdToUah": "41.32",
      "btcToUsd": "114810.00",
      "ethToUsd": "4717.71",
      "updatedAt": "2025-08-23T13:45:18.198Z"
    },
    {
      "id": 66,
      "usdToUah": "41.32",
      "btcToUsd": "114850.00",
      "ethToUsd": "4715.30",
      "updatedAt": "2025-08-23T13:45:39.928Z"
    },
    {
      "id": 67,
      "usdToUah": "41.32",
      "btcToUsd": "114850.00",
      "ethToUsd": "4715.30",
      "updatedAt": "2025-08-23T13:46:09.491Z"
    },
    {
      "id": 68,
      "usdToUah": "41.32",
      "btcToUsd": "114850.00",
      "ethToUsd": "4715.30",
      "updatedAt": "2025-08-23T13:46:39.491Z"
    },
    {
      "id": 69,
      "usdToUah": "41.32",
      "btcToUsd": "114850.00",
      "ethToUsd": "4715.30",
      "updatedAt": "2025-08-23T13:47:09.491Z"
    },
    {
      "id": 70,
      "usdToUah": "41.32",
      "btcToUsd": "114850.00",
      "ethToUsd": "4715.30",
      "updatedAt": "2025-08-23T13:47:39.491Z"
    },
    {
      "id": 71,
      "usdToUah": "41.32",
      "btcToUsd": "114850.00",
      "ethToUsd": "4715.30",
      "updatedAt": "2025-08-23T13:48:09.491Z"
    },
    {
      "id": 72,
      "usdToUah": "41.32",
      "btcToUsd": "114850.00",
      "ethToUsd": "4715.30",
      "updatedAt": "2025-08-23T13:48:39.491Z"
    },
    {
      "id": 73,
      "usdToUah": "41.32",
      "btcToUsd": "114850.00",
      "ethToUsd": "4715.30",
      "updatedAt": "2025-08-23T13:49:09.491Z"
    },
    {
      "id": 74,
      "usdToUah": "41.32",
      "btcToUsd": "114850.00",
      "ethToUsd": "4715.30",
      "updatedAt": "2025-08-23T13:49:39.491Z"
    },
    {
      "id": 75,
      "usdToUah": "41.32",
      "btcToUsd": "114850.00",
      "ethToUsd": "4715.30",
      "updatedAt": "2025-08-23T13:50:09.491Z"
    },
    {
      "id": 76,
      "usdToUah": "41.32",
      "btcToUsd": "114850.00",
      "ethToUsd": "4715.30",
      "updatedAt": "2025-08-23T13:50:39.492Z"
    },
    {
      "id": 77,
      "usdToUah": "41.32",
      "btcToUsd": "114973.00",
      "ethToUsd": "4722.93",
      "updatedAt": "2025-08-23T13:51:09.668Z"
    },
    {
      "id": 78,
      "usdToUah": "41.32",
      "btcToUsd": "114973.00",
      "ethToUsd": "4722.93",
      "updatedAt": "2025-08-23T13:51:39.492Z"
    },
    {
      "id": 79,
      "usdToUah": "41.32",
      "btcToUsd": "115009.00",
      "ethToUsd": "4723.10",
      "updatedAt": "2025-08-23T13:51:58.178Z"
    }
  ],
  "backupDate": "2025-08-23T13-52-00-960Z",
  "version": "1.0"
}