[
  {
    "id": 1,
    "usdToUah": "41.32",
    "btcToUsd": "115119.00",
    "ethToUsd": "4718.41",
    "updatedAt": "2025-08-23T13:14:07.141Z"
  },
  {
    "id": 2,
    "usdToUah": "40.50",
    "btcToUsd": "65000.00",
    "ethToUsd": "3500.00",
    "updatedAt": "2025-08-23T13:14:11.606Z"
  },
  {
    "id": 3,
    "usdToUah": "41.32",
    "btcToUsd": "115119.00",
    "ethToUsd": "4718.41",
    "updatedAt": "2025-08-23T13:14:36.016Z"
  },
  {
    "id": 4,
    "usdToUah": "41.32",
    "btcToUsd": "115119.00",
    "ethToUsd": "4718.41",
    "updatedAt": "2025-08-23T13:15:06.016Z"
  },
  {
    "id": 5,
    "usdToUah": "41.32",
    "btcToUsd": "115119.00",
    "ethToUsd": "4718.41",
    "updatedAt": "2025-08-23T13:15:36.016Z"
  },
  {
    "id": 6,
    "usdToUah": "41.32",
    "btcToUsd": "115119.00",
    "ethToUsd": "4718.41",
    "updatedAt": "2025-08-23T13:16:06.016Z"
  },
  {
    "id": 7,
    "usdToUah": "41.32",
    "btcToUsd": "115119.00",
    "ethToUsd": "4718.41",
    "updatedAt": "2025-08-23T13:16:36.016Z"
  },
  {
    "id": 8,
    "usdToUah": "41.32",
    "btcToUsd": "115119.00",
    "ethToUsd": "4718.41",
    "updatedAt": "2025-08-23T13:17:06.016Z"
  },
  {
    "id": 9,
    "usdToUah": "41.32",
    "btcToUsd": "115119.00",
    "ethToUsd": "4718.41",
    "updatedAt": "2025-08-23T13:17:36.016Z"
  },
  {
    "id": 10,
    "usdToUah": "41.32",
    "btcToUsd": "115119.00",
    "ethToUsd": "4718.41",
    "updatedAt": "2025-08-23T13:18:06.017Z"
  },
  {
    "id": 11,
    "usdToUah": "41.32",
    "btcToUsd": "115119.00",
    "ethToUsd": "4718.41",
    "updatedAt": "2025-08-23T13:18:36.017Z"
  },
  {
    "id": 12,
    "usdToUah": "41.32",
    "btcToUsd": "115119.00",
    "ethToUsd": "4718.41",
    "updatedAt": "2025-08-23T13:19:06.017Z"
  },
  {
    "id": 13,
    "usdToUah": "41.32",
    "btcToUsd": "115124.00",
    "ethToUsd": "4720.29",
    "updatedAt": "2025-08-23T13:19:36.219Z"
  },
  {
    "id": 14,
    "usdToUah": "41.32",
    "btcToUsd": "115124.00",
    "ethToUsd": "4720.29",
    "updatedAt": "2025-08-23T13:20:06.018Z"
  },
  {
    "id": 15,
    "usdToUah": "41.32",
    "btcToUsd": "115124.00",
    "ethToUsd": "4720.29",
    "updatedAt": "2025-08-23T13:20:36.019Z"
  },
  {
    "id": 16,
    "usdToUah": "41.32",
    "btcToUsd": "115124.00",
    "ethToUsd": "4720.29",
    "updatedAt": "2025-08-23T13:21:06.018Z"
  },
  {
    "id": 17,
    "usdToUah": "41.32",
    "btcToUsd": "115124.00",
    "ethToUsd": "4720.29",
    "updatedAt": "2025-08-23T13:21:36.019Z"
  },
  {
    "id": 18,
    "usdToUah": "41.32",
    "btcToUsd": "115124.00",
    "ethToUsd": "4720.29",
    "updatedAt": "2025-08-23T13:22:06.019Z"
  },
  {
    "id": 19,
    "usdToUah": "41.32",
    "btcToUsd": "115124.00",
    "ethToUsd": "4720.29",
    "updatedAt": "2025-08-23T13:22:36.020Z"
  },
  {
    "id": 20,
    "usdToUah": "41.32",
    "btcToUsd": "115124.00",
    "ethToUsd": "4720.29",
    "updatedAt": "2025-08-23T13:23:06.020Z"
  },
  {
    "id": 21,
    "usdToUah": "41.32",
    "btcToUsd": "115069.00",
    "ethToUsd": "4718.32",
    "updatedAt": "2025-08-23T13:23:34.018Z"
  },
  {
    "id": 22,
    "usdToUah": "41.32",
    "btcToUsd": "115069.00",
    "ethToUsd": "4718.32",
    "updatedAt": "2025-08-23T13:24:02.837Z"
  },
  {
    "id": 23,
    "usdToUah": "41.32",
    "btcToUsd": "115069.00",
    "ethToUsd": "4718.32",
    "updatedAt": "2025-08-23T13:24:32.837Z"
  },
  {
    "id": 24,
    "usdToUah": "41.32",
    "btcToUsd": "115069.00",
    "ethToUsd": "4718.32",
    "updatedAt": "2025-08-23T13:25:02.837Z"
  },
  {
    "id": 25,
    "usdToUah": "41.32",
    "btcToUsd": "115069.00",
    "ethToUsd": "4718.32",
    "updatedAt": "2025-08-23T13:25:32.837Z"
  },
  {
    "id": 26,
    "usdToUah": "41.32",
    "btcToUsd": "115069.00",
    "ethToUsd": "4718.32",
    "updatedAt": "2025-08-23T13:26:02.837Z"
  },
  {
    "id": 27,
    "usdToUah": "41.32",
    "btcToUsd": "115069.00",
    "ethToUsd": "4718.32",
    "updatedAt": "2025-08-23T13:26:32.837Z"
  },
  {
    "id": 28,
    "usdToUah": "41.32",
    "btcToUsd": "115069.00",
    "ethToUsd": "4718.32",
    "updatedAt": "2025-08-23T13:27:02.837Z"
  },
  {
    "id": 29,
    "usdToUah": "41.32",
    "btcToUsd": "115069.00",
    "ethToUsd": "4718.32",
    "updatedAt": "2025-08-23T13:27:32.837Z"
  },
  {
    "id": 30,
    "usdToUah": "41.32",
    "btcToUsd": "115069.00",
    "ethToUsd": "4718.32",
    "updatedAt": "2025-08-23T13:28:02.837Z"
  },
  {
    "id": 31,
    "usdToUah": "41.32",
    "btcToUsd": "115069.00",
    "ethToUsd": "4718.32",
    "updatedAt": "2025-08-23T13:28:32.837Z"
  },
  {
    "id": 32,
    "usdToUah": "41.32",
    "btcToUsd": "115064.00",
    "ethToUsd": "4717.14",
    "updatedAt": "2025-08-23T13:29:03.019Z"
  },
  {
    "id": 33,
    "usdToUah": "41.32",
    "btcToUsd": "115064.00",
    "ethToUsd": "4717.14",
    "updatedAt": "2025-08-23T13:29:32.838Z"
  },
  {
    "id": 34,
    "usdToUah": "41.32",
    "btcToUsd": "115064.00",
    "ethToUsd": "4717.14",
    "updatedAt": "2025-08-23T13:30:02.839Z"
  },
  {
    "id": 35,
    "usdToUah": "41.32",
    "btcToUsd": "115052.00",
    "ethToUsd": "4719.61",
    "updatedAt": "2025-08-23T13:30:27.476Z"
  },
  {
    "id": 36,
    "usdToUah": "41.32",
    "btcToUsd": "115052.00",
    "ethToUsd": "4719.61",
    "updatedAt": "2025-08-23T13:30:56.258Z"
  },
  {
    "id": 37,
    "usdToUah": "41.32",
    "btcToUsd": "115052.00",
    "ethToUsd": "4719.61",
    "updatedAt": "2025-08-23T13:31:26.258Z"
  },
  {
    "id": 38,
    "usdToUah": "41.32",
    "btcToUsd": "115052.00",
    "ethToUsd": "4719.61",
    "updatedAt": "2025-08-23T13:31:56.258Z"
  },
  {
    "id": 39,
    "usdToUah": "41.32",
    "btcToUsd": "115052.00",
    "ethToUsd": "4719.61",
    "updatedAt": "2025-08-23T13:32:26.258Z"
  },
  {
    "id": 40,
    "usdToUah": "41.32",
    "btcToUsd": "115052.00",
    "ethToUsd": "4719.61",
    "updatedAt": "2025-08-23T13:32:56.258Z"
  },
  {
    "id": 41,
    "usdToUah": "41.32",
    "btcToUsd": "115052.00",
    "ethToUsd": "4719.61",
    "updatedAt": "2025-08-23T13:33:26.258Z"
  },
  {
    "id": 42,
    "usdToUah": "41.32",
    "btcToUsd": "115052.00",
    "ethToUsd": "4719.61",
    "updatedAt": "2025-08-23T13:33:56.258Z"
  },
  {
    "id": 43,
    "usdToUah": "41.32",
    "btcToUsd": "115052.00",
    "ethToUsd": "4719.61",
    "updatedAt": "2025-08-23T13:34:26.258Z"
  },
  {
    "id": 44,
    "usdToUah": "41.32",
    "btcToUsd": "115052.00",
    "ethToUsd": "4719.61",
    "updatedAt": "2025-08-23T13:34:56.258Z"
  },
  {
    "id": 45,
    "usdToUah": "41.32",
    "btcToUsd": "115052.00",
    "ethToUsd": "4719.61",
    "updatedAt": "2025-08-23T13:35:26.258Z"
  },
  {
    "id": 46,
    "usdToUah": "41.32",
    "btcToUsd": "114926.00",
    "ethToUsd": "4723.21",
    "updatedAt": "2025-08-23T13:35:56.414Z"
  },
  {
    "id": 47,
    "usdToUah": "41.32",
    "btcToUsd": "114926.00",
    "ethToUsd": "4723.21",
    "updatedAt": "2025-08-23T13:36:18.841Z"
  },
  {
    "id": 48,
    "usdToUah": "41.32",
    "btcToUsd": "114926.00",
    "ethToUsd": "4723.21",
    "updatedAt": "2025-08-23T13:36:48.197Z"
  },
  {
    "id": 49,
    "usdToUah": "41.32",
    "btcToUsd": "114926.00",
    "ethToUsd": "4723.21",
    "updatedAt": "2025-08-23T13:37:18.198Z"
  },
  {
    "id": 50,
    "usdToUah": "41.32",
    "btcToUsd": "114926.00",
    "ethToUsd": "4723.21",
    "updatedAt": "2025-08-23T13:37:48.198Z"
  },
  {
    "id": 51,
    "usdToUah": "41.32",
    "btcToUsd": "114926.00",
    "ethToUsd": "4723.21",
    "updatedAt": "2025-08-23T13:38:18.197Z"
  },
  {
    "id": 52,
    "usdToUah": "41.32",
    "btcToUsd": "114926.00",
    "ethToUsd": "4723.21",
    "updatedAt": "2025-08-23T13:38:48.198Z"
  },
  {
    "id": 53,
    "usdToUah": "41.32",
    "btcToUsd": "114926.00",
    "ethToUsd": "4723.21",
    "updatedAt": "2025-08-23T13:39:18.198Z"
  },
  {
    "id": 54,
    "usdToUah": "41.32",
    "btcToUsd": "114926.00",
    "ethToUsd": "4723.21",
    "updatedAt": "2025-08-23T13:39:48.198Z"
  },
  {
    "id": 55,
    "usdToUah": "41.32",
    "btcToUsd": "114926.00",
    "ethToUsd": "4723.21",
    "updatedAt": "2025-08-23T13:40:18.198Z"
  },
  {
    "id": 56,
    "usdToUah": "41.32",
    "btcToUsd": "114926.00",
    "ethToUsd": "4723.21",
    "updatedAt": "2025-08-23T13:40:48.198Z"
  },
  {
    "id": 57,
    "usdToUah": "41.32",
    "btcToUsd": "114926.00",
    "ethToUsd": "4723.21",
    "updatedAt": "2025-08-23T13:41:18.198Z"
  },
  {
    "id": 58,
    "usdToUah": "41.32",
    "btcToUsd": "114810.00",
    "ethToUsd": "4717.71",
    "updatedAt": "2025-08-23T13:41:48.409Z"
  },
  {
    "id": 59,
    "usdToUah": "41.32",
    "btcToUsd": "114810.00",
    "ethToUsd": "4717.71",
    "updatedAt": "2025-08-23T13:42:18.198Z"
  },
  {
    "id": 60,
    "usdToUah": "41.32",
    "btcToUsd": "114810.00",
    "ethToUsd": "4717.71",
    "updatedAt": "2025-08-23T13:42:48.198Z"
  },
  {
    "id": 61,
    "usdToUah": "41.32",
    "btcToUsd": "114810.00",
    "ethToUsd": "4717.71",
    "updatedAt": "2025-08-23T13:43:18.198Z"
  },
  {
    "id": 62,
    "usdToUah": "41.32",
    "btcToUsd": "114810.00",
    "ethToUsd": "4717.71",
    "updatedAt": "2025-08-23T13:43:48.198Z"
  },
  {
    "id": 63,
    "usdToUah": "41.32",
    "btcToUsd": "114810.00",
    "ethToUsd": "4717.71",
    "updatedAt": "2025-08-23T13:44:18.198Z"
  },
  {
    "id": 64,
    "usdToUah": "41.32",
    "btcToUsd": "114810.00",
    "ethToUsd": "4717.71",
    "updatedAt": "2025-08-23T13:44:48.198Z"
  },
  {
    "id": 65,
    "usdToUah": "41.32",
    "btcToUsd": "114810.00",
    "ethToUsd": "4717.71",
    "updatedAt": "2025-08-23T13:45:18.198Z"
  },
  {
    "id": 66,
    "usdToUah": "41.32",
    "btcToUsd": "114850.00",
    "ethToUsd": "4715.30",
    "updatedAt": "2025-08-23T13:45:39.928Z"
  },
  {
    "id": 67,
    "usdToUah": "41.32",
    "btcToUsd": "114850.00",
    "ethToUsd": "4715.30",
    "updatedAt": "2025-08-23T13:46:09.491Z"
  },
  {
    "id": 68,
    "usdToUah": "41.32",
    "btcToUsd": "114850.00",
    "ethToUsd": "4715.30",
    "updatedAt": "2025-08-23T13:46:39.491Z"
  },
  {
    "id": 69,
    "usdToUah": "41.32",
    "btcToUsd": "114850.00",
    "ethToUsd": "4715.30",
    "updatedAt": "2025-08-23T13:47:09.491Z"
  },
  {
    "id": 70,
    "usdToUah": "41.32",
    "btcToUsd": "114850.00",
    "ethToUsd": "4715.30",
    "updatedAt": "2025-08-23T13:47:39.491Z"
  },
  {
    "id": 71,
    "usdToUah": "41.32",
    "btcToUsd": "114850.00",
    "ethToUsd": "4715.30",
    "updatedAt": "2025-08-23T13:48:09.491Z"
  },
  {
    "id": 72,
    "usdToUah": "41.32",
    "btcToUsd": "114850.00",
    "ethToUsd": "4715.30",
    "updatedAt": "2025-08-23T13:48:39.491Z"
  },
  {
    "id": 73,
    "usdToUah": "41.32",
    "btcToUsd": "114850.00",
    "ethToUsd": "4715.30",
    "updatedAt": "2025-08-23T13:49:09.491Z"
  },
  {
    "id": 74,
    "usdToUah": "41.32",
    "btcToUsd": "114850.00",
    "ethToUsd": "4715.30",
    "updatedAt": "2025-08-23T13:49:39.491Z"
  },
  {
    "id": 75,
    "usdToUah": "41.32",
    "btcToUsd": "114850.00",
    "ethToUsd": "4715.30",
    "updatedAt": "2025-08-23T13:50:09.491Z"
  },
  {
    "id": 76,
    "usdToUah": "41.32",
    "btcToUsd": "114850.00",
    "ethToUsd": "4715.30",
    "updatedAt": "2025-08-23T13:50:39.492Z"
  },
  {
    "id": 77,
    "usdToUah": "41.32",
    "btcToUsd": "114973.00",
    "ethToUsd": "4722.93",
    "updatedAt": "2025-08-23T13:51:09.668Z"
  },
  {
    "id": 78,
    "usdToUah": "41.32",
    "btcToUsd": "114973.00",
    "ethToUsd": "4722.93",
    "updatedAt": "2025-08-23T13:51:39.492Z"
  },
  {
    "id": 79,
    "usdToUah": "41.32",
    "btcToUsd": "115009.00",
    "ethToUsd": "4723.10",
    "updatedAt": "2025-08-23T13:51:58.178Z"
  },
  {
    "id": 80,
    "usdToUah": "41.32",
    "btcToUsd": "115009.00",
    "ethToUsd": "4723.10",
    "updatedAt": "2025-08-23T13:52:27.496Z"
  },
  {
    "id": 81,
    "usdToUah": "41.32",
    "btcToUsd": "115009.00",
    "ethToUsd": "4723.10",
    "updatedAt": "2025-08-23T13:52:57.496Z"
  },
  {
    "id": 82,
    "usdToUah": "41.32",
    "btcToUsd": "115009.00",
    "ethToUsd": "4723.10",
    "updatedAt": "2025-08-23T13:53:27.496Z"
  },
  {
    "id": 83,
    "usdToUah": "41.32",
    "btcToUsd": "115009.00",
    "ethToUsd": "4723.10",
    "updatedAt": "2025-08-23T13:53:57.495Z"
  },
  {
    "id": 84,
    "usdToUah": "41.32",
    "btcToUsd": "115009.00",
    "ethToUsd": "4723.10",
    "updatedAt": "2025-08-23T13:54:27.496Z"
  },
  {
    "id": 85,
    "usdToUah": "41.32",
    "btcToUsd": "115009.00",
    "ethToUsd": "4723.10",
    "updatedAt": "2025-08-23T13:54:57.496Z"
  },
  {
    "id": 86,
    "usdToUah": "41.32",
    "btcToUsd": "115009.00",
    "ethToUsd": "4723.10",
    "updatedAt": "2025-08-23T13:55:27.496Z"
  },
  {
    "id": 87,
    "usdToUah": "41.32",
    "btcToUsd": "115009.00",
    "ethToUsd": "4723.10",
    "updatedAt": "2025-08-23T13:55:57.496Z"
  },
  {
    "id": 88,
    "usdToUah": "41.32",
    "btcToUsd": "115009.00",
    "ethToUsd": "4723.10",
    "updatedAt": "2025-08-23T13:56:27.496Z"
  },
  {
    "id": 89,
    "usdToUah": "41.32",
    "btcToUsd": "115009.00",
    "ethToUsd": "4723.10",
    "updatedAt": "2025-08-23T13:56:57.496Z"
  },
  {
    "id": 90,
    "usdToUah": "41.32",
    "btcToUsd": "114882.00",
    "ethToUsd": "4720.74",
    "updatedAt": "2025-08-23T13:57:27.679Z"
  },
  {
    "id": 91,
    "usdToUah": "41.32",
    "btcToUsd": "114882.00",
    "ethToUsd": "4720.74",
    "updatedAt": "2025-08-23T13:57:57.498Z"
  },
  {
    "id": 92,
    "usdToUah": "41.32",
    "btcToUsd": "114882.00",
    "ethToUsd": "4720.74",
    "updatedAt": "2025-08-23T13:58:27.498Z"
  },
  {
    "id": 93,
    "usdToUah": "41.32",
    "btcToUsd": "114882.00",
    "ethToUsd": "4720.74",
    "updatedAt": "2025-08-23T13:58:57.498Z"
  },
  {
    "id": 94,
    "usdToUah": "41.32",
    "btcToUsd": "114882.00",
    "ethToUsd": "4720.74",
    "updatedAt": "2025-08-23T13:59:27.498Z"
  },
  {
    "id": 95,
    "usdToUah": "41.32",
    "btcToUsd": "114882.00",
    "ethToUsd": "4720.74",
    "updatedAt": "2025-08-23T13:59:57.498Z"
  },
  {
    "id": 96,
    "usdToUah": "41.32",
    "btcToUsd": "114882.00",
    "ethToUsd": "4720.74",
    "updatedAt": "2025-08-23T14:00:27.498Z"
  },
  {
    "id": 97,
    "usdToUah": "41.32",
    "btcToUsd": "114882.00",
    "ethToUsd": "4720.74",
    "updatedAt": "2025-08-23T14:00:57.498Z"
  },
  {
    "id": 98,
    "usdToUah": "41.32",
    "btcToUsd": "114882.00",
    "ethToUsd": "4720.74",
    "updatedAt": "2025-08-23T14:01:27.499Z"
  },
  {
    "id": 99,
    "usdToUah": "41.32",
    "btcToUsd": "114882.00",
    "ethToUsd": "4720.74",
    "updatedAt": "2025-08-23T14:01:57.500Z"
  },
  {
    "id": 100,
    "usdToUah": "41.32",
    "btcToUsd": "114882.00",
    "ethToUsd": "4720.74",
    "updatedAt": "2025-08-23T14:02:27.499Z"
  },
  {
    "id": 101,
    "usdToUah": "41.32",
    "btcToUsd": "114804.00",
    "ethToUsd": "4716.90",
    "updatedAt": "2025-08-23T14:02:57.691Z"
  },
  {
    "id": 102,
    "usdToUah": "41.32",
    "btcToUsd": "114804.00",
    "ethToUsd": "4716.90",
    "updatedAt": "2025-08-23T14:03:27.499Z"
  },
  {
    "id": 103,
    "usdToUah": "41.32",
    "btcToUsd": "114804.00",
    "ethToUsd": "4716.90",
    "updatedAt": "2025-08-23T14:03:57.500Z"
  },
  {
    "id": 104,
    "usdToUah": "41.32",
    "btcToUsd": "114804.00",
    "ethToUsd": "4716.90",
    "updatedAt": "2025-08-23T14:04:27.500Z"
  },
  {
    "id": 105,
    "usdToUah": "41.32",
    "btcToUsd": "114804.00",
    "ethToUsd": "4716.90",
    "updatedAt": "2025-08-23T14:04:57.500Z"
  },
  {
    "id": 106,
    "usdToUah": "41.32",
    "btcToUsd": "114804.00",
    "ethToUsd": "4716.90",
    "updatedAt": "2025-08-23T14:05:27.500Z"
  },
  {
    "id": 107,
    "usdToUah": "41.32",
    "btcToUsd": "114804.00",
    "ethToUsd": "4716.90",
    "updatedAt": "2025-08-23T14:05:57.500Z"
  },
  {
    "id": 108,
    "usdToUah": "41.32",
    "btcToUsd": "114804.00",
    "ethToUsd": "4716.90",
    "updatedAt": "2025-08-23T14:06:27.500Z"
  },
  {
    "id": 109,
    "usdToUah": "41.32",
    "btcToUsd": "114804.00",
    "ethToUsd": "4716.90",
    "updatedAt": "2025-08-23T14:06:57.500Z"
  },
  {
    "id": 110,
    "usdToUah": "41.32",
    "btcToUsd": "114804.00",
    "ethToUsd": "4716.90",
    "updatedAt": "2025-08-23T14:07:27.501Z"
  },
  {
    "id": 111,
    "usdToUah": "41.32",
    "btcToUsd": "114804.00",
    "ethToUsd": "4716.90",
    "updatedAt": "2025-08-23T14:07:57.501Z"
  },
  {
    "id": 112,
    "usdToUah": "41.32",
    "btcToUsd": "114808.00",
    "ethToUsd": "4719.26",
    "updatedAt": "2025-08-23T14:08:27.694Z"
  },
  {
    "id": 113,
    "usdToUah": "41.32",
    "btcToUsd": "114808.00",
    "ethToUsd": "4719.26",
    "updatedAt": "2025-08-23T14:08:57.500Z"
  },
  {
    "id": 114,
    "usdToUah": "41.32",
    "btcToUsd": "114808.00",
    "ethToUsd": "4719.26",
    "updatedAt": "2025-08-23T14:09:27.501Z"
  },
  {
    "id": 115,
    "usdToUah": "41.32",
    "btcToUsd": "114808.00",
    "ethToUsd": "4719.26",
    "updatedAt": "2025-08-23T14:09:57.501Z"
  },
  {
    "id": 116,
    "usdToUah": "41.32",
    "btcToUsd": "114822.00",
    "ethToUsd": "4720.13",
    "updatedAt": "2025-08-23T14:10:28.250Z"
  },
  {
    "id": 117,
    "usdToUah": "41.32",
    "btcToUsd": "114822.00",
    "ethToUsd": "4720.13",
    "updatedAt": "2025-08-23T14:10:57.704Z"
  },
  {
    "id": 118,
    "usdToUah": "41.32",
    "btcToUsd": "114822.00",
    "ethToUsd": "4720.13",
    "updatedAt": "2025-08-23T14:11:27.704Z"
  },
  {
    "id": 119,
    "usdToUah": "41.32",
    "btcToUsd": "114840.00",
    "ethToUsd": "4720.73",
    "updatedAt": "2025-08-23T14:11:44.352Z"
  },
  {
    "id": 120,
    "usdToUah": "41.32",
    "btcToUsd": "114840.00",
    "ethToUsd": "4720.73",
    "updatedAt": "2025-08-23T14:12:13.116Z"
  },
  {
    "id": 121,
    "usdToUah": "41.32",
    "btcToUsd": "114855.00",
    "ethToUsd": "4722.71",
    "updatedAt": "2025-08-23T14:12:32.665Z"
  },
  {
    "id": 122,
    "usdToUah": "41.32",
    "btcToUsd": "114855.00",
    "ethToUsd": "4722.71",
    "updatedAt": "2025-08-23T14:13:02.227Z"
  },
  {
    "id": 123,
    "usdToUah": "41.32",
    "btcToUsd": "114855.00",
    "ethToUsd": "4722.71",
    "updatedAt": "2025-08-23T14:13:17.113Z"
  },
  {
    "id": 126,
    "usdToUah": "41.32",
    "btcToUsd": "114855.00",
    "ethToUsd": "4722.71",
    "updatedAt": "2025-08-23T14:14:45.483Z"
  },
  {
    "id": 140,
    "usdToUah": "41.32",
    "btcToUsd": "114888.00",
    "ethToUsd": "4732.90",
    "updatedAt": "2025-08-23T14:21:45.483Z"
  },
  {
    "id": 142,
    "usdToUah": "41.32",
    "btcToUsd": "114888.00",
    "ethToUsd": "4732.90",
    "updatedAt": "2025-08-23T14:22:45.484Z"
  },
  {
    "id": 144,
    "usdToUah": "41.32",
    "btcToUsd": "114888.00",
    "ethToUsd": "4732.90",
    "updatedAt": "2025-08-23T14:23:45.485Z"
  },
  {
    "id": 145,
    "usdToUah": "41.32",
    "btcToUsd": "114921.00",
    "ethToUsd": "4740.71",
    "updatedAt": "2025-08-23T14:24:15.658Z"
  },
  {
    "id": 146,
    "usdToUah": "41.32",
    "btcToUsd": "114921.00",
    "ethToUsd": "4740.71",
    "updatedAt": "2025-08-23T14:24:45.485Z"
  },
  {
    "id": 148,
    "usdToUah": "41.32",
    "btcToUsd": "114921.00",
    "ethToUsd": "4740.71",
    "updatedAt": "2025-08-23T14:25:45.486Z"
  },
  {
    "id": 155,
    "usdToUah": "41.32",
    "btcToUsd": "114921.00",
    "ethToUsd": "4740.71",
    "updatedAt": "2025-08-23T14:29:15.497Z"
  },
  {
    "id": 124,
    "usdToUah": "41.32",
    "btcToUsd": "114855.00",
    "ethToUsd": "4722.71",
    "updatedAt": "2025-08-23T14:13:45.483Z"
  },
  {
    "id": 125,
    "usdToUah": "41.32",
    "btcToUsd": "114855.00",
    "ethToUsd": "4722.71",
    "updatedAt": "2025-08-23T14:14:15.482Z"
  },
  {
    "id": 127,
    "usdToUah": "41.32",
    "btcToUsd": "114855.00",
    "ethToUsd": "4722.71",
    "updatedAt": "2025-08-23T14:15:15.483Z"
  },
  {
    "id": 128,
    "usdToUah": "41.32",
    "btcToUsd": "114855.00",
    "ethToUsd": "4722.71",
    "updatedAt": "2025-08-23T14:15:45.483Z"
  },
  {
    "id": 129,
    "usdToUah": "41.32",
    "btcToUsd": "114855.00",
    "ethToUsd": "4722.71",
    "updatedAt": "2025-08-23T14:16:15.483Z"
  },
  {
    "id": 130,
    "usdToUah": "41.32",
    "btcToUsd": "114855.00",
    "ethToUsd": "4722.71",
    "updatedAt": "2025-08-23T14:16:45.483Z"
  },
  {
    "id": 131,
    "usdToUah": "41.32",
    "btcToUsd": "114855.00",
    "ethToUsd": "4722.71",
    "updatedAt": "2025-08-23T14:17:15.483Z"
  },
  {
    "id": 132,
    "usdToUah": "41.32",
    "btcToUsd": "114855.00",
    "ethToUsd": "4722.71",
    "updatedAt": "2025-08-23T14:17:45.482Z"
  },
  {
    "id": 133,
    "usdToUah": "41.32",
    "btcToUsd": "114855.00",
    "ethToUsd": "4722.71",
    "updatedAt": "2025-08-23T14:18:15.483Z"
  },
  {
    "id": 134,
    "usdToUah": "41.32",
    "btcToUsd": "114888.00",
    "ethToUsd": "4732.90",
    "updatedAt": "2025-08-23T14:18:45.686Z"
  },
  {
    "id": 136,
    "usdToUah": "41.32",
    "btcToUsd": "114888.00",
    "ethToUsd": "4732.90",
    "updatedAt": "2025-08-23T14:19:45.482Z"
  },
  {
    "id": 141,
    "usdToUah": "41.32",
    "btcToUsd": "114888.00",
    "ethToUsd": "4732.90",
    "updatedAt": "2025-08-23T14:22:15.484Z"
  },
  {
    "id": 143,
    "usdToUah": "41.32",
    "btcToUsd": "114888.00",
    "ethToUsd": "4732.90",
    "updatedAt": "2025-08-23T14:23:15.485Z"
  },
  {
    "id": 147,
    "usdToUah": "41.32",
    "btcToUsd": "114921.00",
    "ethToUsd": "4740.71",
    "updatedAt": "2025-08-23T14:25:15.485Z"
  },
  {
    "id": 152,
    "usdToUah": "41.32",
    "btcToUsd": "114921.00",
    "ethToUsd": "4740.71",
    "updatedAt": "2025-08-23T14:27:45.490Z"
  },
  {
    "id": 135,
    "usdToUah": "41.32",
    "btcToUsd": "114888.00",
    "ethToUsd": "4732.90",
    "updatedAt": "2025-08-23T14:19:15.482Z"
  },
  {
    "id": 137,
    "usdToUah": "41.32",
    "btcToUsd": "114888.00",
    "ethToUsd": "4732.90",
    "updatedAt": "2025-08-23T14:20:15.483Z"
  },
  {
    "id": 138,
    "usdToUah": "41.32",
    "btcToUsd": "114888.00",
    "ethToUsd": "4732.90",
    "updatedAt": "2025-08-23T14:20:45.482Z"
  },
  {
    "id": 139,
    "usdToUah": "41.32",
    "btcToUsd": "114888.00",
    "ethToUsd": "4732.90",
    "updatedAt": "2025-08-23T14:21:15.483Z"
  },
  {
    "id": 149,
    "usdToUah": "41.32",
    "btcToUsd": "114921.00",
    "ethToUsd": "4740.71",
    "updatedAt": "2025-08-23T14:26:15.490Z"
  },
  {
    "id": 150,
    "usdToUah": "41.32",
    "btcToUsd": "114921.00",
    "ethToUsd": "4740.71",
    "updatedAt": "2025-08-23T14:26:45.491Z"
  },
  {
    "id": 151,
    "usdToUah": "41.32",
    "btcToUsd": "114921.00",
    "ethToUsd": "4740.71",
    "updatedAt": "2025-08-23T14:27:15.491Z"
  },
  {
    "id": 153,
    "usdToUah": "41.32",
    "btcToUsd": "114921.00",
    "ethToUsd": "4740.71",
    "updatedAt": "2025-08-23T14:28:15.491Z"
  },
  {
    "id": 154,
    "usdToUah": "41.32",
    "btcToUsd": "114921.00",
    "ethToUsd": "4740.71",
    "updatedAt": "2025-08-23T14:28:45.497Z"
  },
  {
    "id": 156,
    "usdToUah": "41.32",
    "btcToUsd": "114689.00",
    "ethToUsd": "4735.38",
    "updatedAt": "2025-08-23T15:18:49.794Z"
  },
  {
    "id": 157,
    "usdToUah": "41.32",
    "btcToUsd": "114689.00",
    "ethToUsd": "4735.38",
    "updatedAt": "2025-08-23T15:19:14.792Z"
  },
  {
    "id": 158,
    "usdToUah": "41.32",
    "btcToUsd": "114689.00",
    "ethToUsd": "4735.38",
    "updatedAt": "2025-08-23T15:19:44.210Z"
  },
  {
    "id": 159,
    "usdToUah": "41.32",
    "btcToUsd": "114689.00",
    "ethToUsd": "4735.38",
    "updatedAt": "2025-08-23T15:20:14.210Z"
  },
  {
    "id": 160,
    "usdToUah": "41.32",
    "btcToUsd": "114689.00",
    "ethToUsd": "4735.38",
    "updatedAt": "2025-08-23T15:20:44.210Z"
  },
  {
    "id": 161,
    "usdToUah": "41.32",
    "btcToUsd": "114689.00",
    "ethToUsd": "4735.38",
    "updatedAt": "2025-08-23T15:21:14.210Z"
  },
  {
    "id": 162,
    "usdToUah": "41.32",
    "btcToUsd": "114689.00",
    "ethToUsd": "4735.38",
    "updatedAt": "2025-08-23T15:21:44.211Z"
  },
  {
    "id": 163,
    "usdToUah": "41.32",
    "btcToUsd": "114689.00",
    "ethToUsd": "4735.38",
    "updatedAt": "2025-08-23T15:22:14.212Z"
  },
  {
    "id": 164,
    "usdToUah": "41.32",
    "btcToUsd": "114772.00",
    "ethToUsd": "4741.56",
    "updatedAt": "2025-08-23T15:22:40.634Z"
  },
  {
    "id": 165,
    "usdToUah": "41.32",
    "btcToUsd": "114689.00",
    "ethToUsd": "4735.38",
    "updatedAt": "2025-08-23T15:22:44.212Z"
  },
  {
    "id": 166,
    "usdToUah": "41.32",
    "btcToUsd": "114791.00",
    "ethToUsd": "4745.37",
    "updatedAt": "2025-08-23T15:23:07.277Z"
  },
  {
    "id": 167,
    "usdToUah": "41.32",
    "btcToUsd": "114689.00",
    "ethToUsd": "4735.38",
    "updatedAt": "2025-08-23T15:23:14.213Z"
  },
  {
    "id": 168,
    "usdToUah": "41.32",
    "btcToUsd": "114791.00",
    "ethToUsd": "4745.37",
    "updatedAt": "2025-08-23T15:23:37.559Z"
  },
  {
    "id": 169,
    "usdToUah": "41.32",
    "btcToUsd": "114689.00",
    "ethToUsd": "4735.38",
    "updatedAt": "2025-08-23T15:23:44.213Z"
  },
  {
    "id": 170,
    "usdToUah": "41.32",
    "btcToUsd": "114791.00",
    "ethToUsd": "4745.37",
    "updatedAt": "2025-08-23T15:24:06.437Z"
  },
  {
    "id": 171,
    "usdToUah": "41.32",
    "btcToUsd": "114689.00",
    "ethToUsd": "4735.38",
    "updatedAt": "2025-08-23T15:24:14.213Z"
  },
  {
    "id": 172,
    "usdToUah": "41.32",
    "btcToUsd": "114844.00",
    "ethToUsd": "4743.87",
    "updatedAt": "2025-08-23T15:24:44.447Z"
  },
  {
    "id": 173,
    "usdToUah": "41.32",
    "btcToUsd": "114844.00",
    "ethToUsd": "4743.87",
    "updatedAt": "2025-08-23T15:25:04.915Z"
  }
]