[
  {
    "id": 1,
    "usdToUah": "41.32",
    "btcToUsd": "115119.00",
    "ethToUsd": "4718.41",
    "updatedAt": "2025-08-23T13:14:07.141Z"
  },
  {
    "id": 2,
    "usdToUah": "40.50",
    "btcToUsd": "65000.00",
    "ethToUsd": "3500.00",
    "updatedAt": "2025-08-23T13:14:11.606Z"
  },
  {
    "id": 3,
    "usdToUah": "41.32",
    "btcToUsd": "115119.00",
    "ethToUsd": "4718.41",
    "updatedAt": "2025-08-23T13:14:36.016Z"
  },
  {
    "id": 4,
    "usdToUah": "41.32",
    "btcToUsd": "115119.00",
    "ethToUsd": "4718.41",
    "updatedAt": "2025-08-23T13:15:06.016Z"
  },
  {
    "id": 5,
    "usdToUah": "41.32",
    "btcToUsd": "115119.00",
    "ethToUsd": "4718.41",
    "updatedAt": "2025-08-23T13:15:36.016Z"
  },
  {
    "id": 6,
    "usdToUah": "41.32",
    "btcToUsd": "115119.00",
    "ethToUsd": "4718.41",
    "updatedAt": "2025-08-23T13:16:06.016Z"
  },
  {
    "id": 7,
    "usdToUah": "41.32",
    "btcToUsd": "115119.00",
    "ethToUsd": "4718.41",
    "updatedAt": "2025-08-23T13:16:36.016Z"
  },
  {
    "id": 8,
    "usdToUah": "41.32",
    "btcToUsd": "115119.00",
    "ethToUsd": "4718.41",
    "updatedAt": "2025-08-23T13:17:06.016Z"
  },
  {
    "id": 9,
    "usdToUah": "41.32",
    "btcToUsd": "115119.00",
    "ethToUsd": "4718.41",
    "updatedAt": "2025-08-23T13:17:36.016Z"
  },
  {
    "id": 10,
    "usdToUah": "41.32",
    "btcToUsd": "115119.00",
    "ethToUsd": "4718.41",
    "updatedAt": "2025-08-23T13:18:06.017Z"
  },
  {
    "id": 11,
    "usdToUah": "41.32",
    "btcToUsd": "115119.00",
    "ethToUsd": "4718.41",
    "updatedAt": "2025-08-23T13:18:36.017Z"
  },
  {
    "id": 12,
    "usdToUah": "41.32",
    "btcToUsd": "115119.00",
    "ethToUsd": "4718.41",
    "updatedAt": "2025-08-23T13:19:06.017Z"
  },
  {
    "id": 13,
    "usdToUah": "41.32",
    "btcToUsd": "115124.00",
    "ethToUsd": "4720.29",
    "updatedAt": "2025-08-23T13:19:36.219Z"
  },
  {
    "id": 14,
    "usdToUah": "41.32",
    "btcToUsd": "115124.00",
    "ethToUsd": "4720.29",
    "updatedAt": "2025-08-23T13:20:06.018Z"
  },
  {
    "id": 15,
    "usdToUah": "41.32",
    "btcToUsd": "115124.00",
    "ethToUsd": "4720.29",
    "updatedAt": "2025-08-23T13:20:36.019Z"
  },
  {
    "id": 16,
    "usdToUah": "41.32",
    "btcToUsd": "115124.00",
    "ethToUsd": "4720.29",
    "updatedAt": "2025-08-23T13:21:06.018Z"
  },
  {
    "id": 17,
    "usdToUah": "41.32",
    "btcToUsd": "115124.00",
    "ethToUsd": "4720.29",
    "updatedAt": "2025-08-23T13:21:36.019Z"
  },
  {
    "id": 18,
    "usdToUah": "41.32",
    "btcToUsd": "115124.00",
    "ethToUsd": "4720.29",
    "updatedAt": "2025-08-23T13:22:06.019Z"
  },
  {
    "id": 19,
    "usdToUah": "41.32",
    "btcToUsd": "115124.00",
    "ethToUsd": "4720.29",
    "updatedAt": "2025-08-23T13:22:36.020Z"
  },
  {
    "id": 20,
    "usdToUah": "41.32",
    "btcToUsd": "115124.00",
    "ethToUsd": "4720.29",
    "updatedAt": "2025-08-23T13:23:06.020Z"
  },
  {
    "id": 21,
    "usdToUah": "41.32",
    "btcToUsd": "115069.00",
    "ethToUsd": "4718.32",
    "updatedAt": "2025-08-23T13:23:34.018Z"
  },
  {
    "id": 22,
    "usdToUah": "41.32",
    "btcToUsd": "115069.00",
    "ethToUsd": "4718.32",
    "updatedAt": "2025-08-23T13:24:02.837Z"
  },
  {
    "id": 23,
    "usdToUah": "41.32",
    "btcToUsd": "115069.00",
    "ethToUsd": "4718.32",
    "updatedAt": "2025-08-23T13:24:32.837Z"
  },
  {
    "id": 24,
    "usdToUah": "41.32",
    "btcToUsd": "115069.00",
    "ethToUsd": "4718.32",
    "updatedAt": "2025-08-23T13:25:02.837Z"
  },
  {
    "id": 25,
    "usdToUah": "41.32",
    "btcToUsd": "115069.00",
    "ethToUsd": "4718.32",
    "updatedAt": "2025-08-23T13:25:32.837Z"
  },
  {
    "id": 26,
    "usdToUah": "41.32",
    "btcToUsd": "115069.00",
    "ethToUsd": "4718.32",
    "updatedAt": "2025-08-23T13:26:02.837Z"
  },
  {
    "id": 27,
    "usdToUah": "41.32",
    "btcToUsd": "115069.00",
    "ethToUsd": "4718.32",
    "updatedAt": "2025-08-23T13:26:32.837Z"
  },
  {
    "id": 28,
    "usdToUah": "41.32",
    "btcToUsd": "115069.00",
    "ethToUsd": "4718.32",
    "updatedAt": "2025-08-23T13:27:02.837Z"
  },
  {
    "id": 29,
    "usdToUah": "41.32",
    "btcToUsd": "115069.00",
    "ethToUsd": "4718.32",
    "updatedAt": "2025-08-23T13:27:32.837Z"
  },
  {
    "id": 30,
    "usdToUah": "41.32",
    "btcToUsd": "115069.00",
    "ethToUsd": "4718.32",
    "updatedAt": "2025-08-23T13:28:02.837Z"
  },
  {
    "id": 31,
    "usdToUah": "41.32",
    "btcToUsd": "115069.00",
    "ethToUsd": "4718.32",
    "updatedAt": "2025-08-23T13:28:32.837Z"
  },
  {
    "id": 32,
    "usdToUah": "41.32",
    "btcToUsd": "115064.00",
    "ethToUsd": "4717.14",
    "updatedAt": "2025-08-23T13:29:03.019Z"
  },
  {
    "id": 33,
    "usdToUah": "41.32",
    "btcToUsd": "115064.00",
    "ethToUsd": "4717.14",
    "updatedAt": "2025-08-23T13:29:32.838Z"
  },
  {
    "id": 34,
    "usdToUah": "41.32",
    "btcToUsd": "115064.00",
    "ethToUsd": "4717.14",
    "updatedAt": "2025-08-23T13:30:02.839Z"
  },
  {
    "id": 35,
    "usdToUah": "41.32",
    "btcToUsd": "115052.00",
    "ethToUsd": "4719.61",
    "updatedAt": "2025-08-23T13:30:27.476Z"
  },
  {
    "id": 36,
    "usdToUah": "41.32",
    "btcToUsd": "115052.00",
    "ethToUsd": "4719.61",
    "updatedAt": "2025-08-23T13:30:56.258Z"
  },
  {
    "id": 37,
    "usdToUah": "41.32",
    "btcToUsd": "115052.00",
    "ethToUsd": "4719.61",
    "updatedAt": "2025-08-23T13:31:26.258Z"
  },
  {
    "id": 38,
    "usdToUah": "41.32",
    "btcToUsd": "115052.00",
    "ethToUsd": "4719.61",
    "updatedAt": "2025-08-23T13:31:56.258Z"
  },
  {
    "id": 39,
    "usdToUah": "41.32",
    "btcToUsd": "115052.00",
    "ethToUsd": "4719.61",
    "updatedAt": "2025-08-23T13:32:26.258Z"
  },
  {
    "id": 40,
    "usdToUah": "41.32",
    "btcToUsd": "115052.00",
    "ethToUsd": "4719.61",
    "updatedAt": "2025-08-23T13:32:56.258Z"
  },
  {
    "id": 41,
    "usdToUah": "41.32",
    "btcToUsd": "115052.00",
    "ethToUsd": "4719.61",
    "updatedAt": "2025-08-23T13:33:26.258Z"
  },
  {
    "id": 42,
    "usdToUah": "41.32",
    "btcToUsd": "115052.00",
    "ethToUsd": "4719.61",
    "updatedAt": "2025-08-23T13:33:56.258Z"
  },
  {
    "id": 43,
    "usdToUah": "41.32",
    "btcToUsd": "115052.00",
    "ethToUsd": "4719.61",
    "updatedAt": "2025-08-23T13:34:26.258Z"
  },
  {
    "id": 44,
    "usdToUah": "41.32",
    "btcToUsd": "115052.00",
    "ethToUsd": "4719.61",
    "updatedAt": "2025-08-23T13:34:56.258Z"
  },
  {
    "id": 45,
    "usdToUah": "41.32",
    "btcToUsd": "115052.00",
    "ethToUsd": "4719.61",
    "updatedAt": "2025-08-23T13:35:26.258Z"
  },
  {
    "id": 46,
    "usdToUah": "41.32",
    "btcToUsd": "114926.00",
    "ethToUsd": "4723.21",
    "updatedAt": "2025-08-23T13:35:56.414Z"
  },
  {
    "id": 47,
    "usdToUah": "41.32",
    "btcToUsd": "114926.00",
    "ethToUsd": "4723.21",
    "updatedAt": "2025-08-23T13:36:18.841Z"
  },
  {
    "id": 48,
    "usdToUah": "41.32",
    "btcToUsd": "114926.00",
    "ethToUsd": "4723.21",
    "updatedAt": "2025-08-23T13:36:48.197Z"
  },
  {
    "id": 49,
    "usdToUah": "41.32",
    "btcToUsd": "114926.00",
    "ethToUsd": "4723.21",
    "updatedAt": "2025-08-23T13:37:18.198Z"
  },
  {
    "id": 50,
    "usdToUah": "41.32",
    "btcToUsd": "114926.00",
    "ethToUsd": "4723.21",
    "updatedAt": "2025-08-23T13:37:48.198Z"
  },
  {
    "id": 51,
    "usdToUah": "41.32",
    "btcToUsd": "114926.00",
    "ethToUsd": "4723.21",
    "updatedAt": "2025-08-23T13:38:18.197Z"
  },
  {
    "id": 52,
    "usdToUah": "41.32",
    "btcToUsd": "114926.00",
    "ethToUsd": "4723.21",
    "updatedAt": "2025-08-23T13:38:48.198Z"
  },
  {
    "id": 53,
    "usdToUah": "41.32",
    "btcToUsd": "114926.00",
    "ethToUsd": "4723.21",
    "updatedAt": "2025-08-23T13:39:18.198Z"
  },
  {
    "id": 54,
    "usdToUah": "41.32",
    "btcToUsd": "114926.00",
    "ethToUsd": "4723.21",
    "updatedAt": "2025-08-23T13:39:48.198Z"
  },
  {
    "id": 55,
    "usdToUah": "41.32",
    "btcToUsd": "114926.00",
    "ethToUsd": "4723.21",
    "updatedAt": "2025-08-23T13:40:18.198Z"
  },
  {
    "id": 56,
    "usdToUah": "41.32",
    "btcToUsd": "114926.00",
    "ethToUsd": "4723.21",
    "updatedAt": "2025-08-23T13:40:48.198Z"
  },
  {
    "id": 57,
    "usdToUah": "41.32",
    "btcToUsd": "114926.00",
    "ethToUsd": "4723.21",
    "updatedAt": "2025-08-23T13:41:18.198Z"
  },
  {
    "id": 58,
    "usdToUah": "41.32",
    "btcToUsd": "114810.00",
    "ethToUsd": "4717.71",
    "updatedAt": "2025-08-23T13:41:48.409Z"
  },
  {
    "id": 59,
    "usdToUah": "41.32",
    "btcToUsd": "114810.00",
    "ethToUsd": "4717.71",
    "updatedAt": "2025-08-23T13:42:18.198Z"
  },
  {
    "id": 60,
    "usdToUah": "41.32",
    "btcToUsd": "114810.00",
    "ethToUsd": "4717.71",
    "updatedAt": "2025-08-23T13:42:48.198Z"
  },
  {
    "id": 61,
    "usdToUah": "41.32",
    "btcToUsd": "114810.00",
    "ethToUsd": "4717.71",
    "updatedAt": "2025-08-23T13:43:18.198Z"
  },
  {
    "id": 62,
    "usdToUah": "41.32",
    "btcToUsd": "114810.00",
    "ethToUsd": "4717.71",
    "updatedAt": "2025-08-23T13:43:48.198Z"
  },
  {
    "id": 63,
    "usdToUah": "41.32",
    "btcToUsd": "114810.00",
    "ethToUsd": "4717.71",
    "updatedAt": "2025-08-23T13:44:18.198Z"
  },
  {
    "id": 64,
    "usdToUah": "41.32",
    "btcToUsd": "114810.00",
    "ethToUsd": "4717.71",
    "updatedAt": "2025-08-23T13:44:48.198Z"
  },
  {
    "id": 65,
    "usdToUah": "41.32",
    "btcToUsd": "114810.00",
    "ethToUsd": "4717.71",
    "updatedAt": "2025-08-23T13:45:18.198Z"
  },
  {
    "id": 66,
    "usdToUah": "41.32",
    "btcToUsd": "114850.00",
    "ethToUsd": "4715.30",
    "updatedAt": "2025-08-23T13:45:39.928Z"
  },
  {
    "id": 67,
    "usdToUah": "41.32",
    "btcToUsd": "114850.00",
    "ethToUsd": "4715.30",
    "updatedAt": "2025-08-23T13:46:09.491Z"
  },
  {
    "id": 68,
    "usdToUah": "41.32",
    "btcToUsd": "114850.00",
    "ethToUsd": "4715.30",
    "updatedAt": "2025-08-23T13:46:39.491Z"
  },
  {
    "id": 69,
    "usdToUah": "41.32",
    "btcToUsd": "114850.00",
    "ethToUsd": "4715.30",
    "updatedAt": "2025-08-23T13:47:09.491Z"
  },
  {
    "id": 70,
    "usdToUah": "41.32",
    "btcToUsd": "114850.00",
    "ethToUsd": "4715.30",
    "updatedAt": "2025-08-23T13:47:39.491Z"
  },
  {
    "id": 71,
    "usdToUah": "41.32",
    "btcToUsd": "114850.00",
    "ethToUsd": "4715.30",
    "updatedAt": "2025-08-23T13:48:09.491Z"
  },
  {
    "id": 72,
    "usdToUah": "41.32",
    "btcToUsd": "114850.00",
    "ethToUsd": "4715.30",
    "updatedAt": "2025-08-23T13:48:39.491Z"
  },
  {
    "id": 73,
    "usdToUah": "41.32",
    "btcToUsd": "114850.00",
    "ethToUsd": "4715.30",
    "updatedAt": "2025-08-23T13:49:09.491Z"
  },
  {
    "id": 74,
    "usdToUah": "41.32",
    "btcToUsd": "114850.00",
    "ethToUsd": "4715.30",
    "updatedAt": "2025-08-23T13:49:39.491Z"
  },
  {
    "id": 75,
    "usdToUah": "41.32",
    "btcToUsd": "114850.00",
    "ethToUsd": "4715.30",
    "updatedAt": "2025-08-23T13:50:09.491Z"
  },
  {
    "id": 76,
    "usdToUah": "41.32",
    "btcToUsd": "114850.00",
    "ethToUsd": "4715.30",
    "updatedAt": "2025-08-23T13:50:39.492Z"
  },
  {
    "id": 77,
    "usdToUah": "41.32",
    "btcToUsd": "114973.00",
    "ethToUsd": "4722.93",
    "updatedAt": "2025-08-23T13:51:09.668Z"
  },
  {
    "id": 78,
    "usdToUah": "41.32",
    "btcToUsd": "114973.00",
    "ethToUsd": "4722.93",
    "updatedAt": "2025-08-23T13:51:39.492Z"
  },
  {
    "id": 79,
    "usdToUah": "41.32",
    "btcToUsd": "115009.00",
    "ethToUsd": "4723.10",
    "updatedAt": "2025-08-23T13:51:58.178Z"
  },
  {
    "id": 80,
    "usdToUah": "41.32",
    "btcToUsd": "115009.00",
    "ethToUsd": "4723.10",
    "updatedAt": "2025-08-23T13:52:27.496Z"
  },
  {
    "id": 81,
    "usdToUah": "41.32",
    "btcToUsd": "115009.00",
    "ethToUsd": "4723.10",
    "updatedAt": "2025-08-23T13:52:57.496Z"
  },
  {
    "id": 82,
    "usdToUah": "41.32",
    "btcToUsd": "115009.00",
    "ethToUsd": "4723.10",
    "updatedAt": "2025-08-23T13:53:27.496Z"
  },
  {
    "id": 83,
    "usdToUah": "41.32",
    "btcToUsd": "115009.00",
    "ethToUsd": "4723.10",
    "updatedAt": "2025-08-23T13:53:57.495Z"
  },
  {
    "id": 84,
    "usdToUah": "41.32",
    "btcToUsd": "115009.00",
    "ethToUsd": "4723.10",
    "updatedAt": "2025-08-23T13:54:27.496Z"
  },
  {
    "id": 85,
    "usdToUah": "41.32",
    "btcToUsd": "115009.00",
    "ethToUsd": "4723.10",
    "updatedAt": "2025-08-23T13:54:57.496Z"
  },
  {
    "id": 86,
    "usdToUah": "41.32",
    "btcToUsd": "115009.00",
    "ethToUsd": "4723.10",
    "updatedAt": "2025-08-23T13:55:27.496Z"
  },
  {
    "id": 87,
    "usdToUah": "41.32",
    "btcToUsd": "115009.00",
    "ethToUsd": "4723.10",
    "updatedAt": "2025-08-23T13:55:57.496Z"
  },
  {
    "id": 88,
    "usdToUah": "41.32",
    "btcToUsd": "115009.00",
    "ethToUsd": "4723.10",
    "updatedAt": "2025-08-23T13:56:27.496Z"
  },
  {
    "id": 89,
    "usdToUah": "41.32",
    "btcToUsd": "115009.00",
    "ethToUsd": "4723.10",
    "updatedAt": "2025-08-23T13:56:57.496Z"
  },
  {
    "id": 90,
    "usdToUah": "41.32",
    "btcToUsd": "114882.00",
    "ethToUsd": "4720.74",
    "updatedAt": "2025-08-23T13:57:27.679Z"
  },
  {
    "id": 91,
    "usdToUah": "41.32",
    "btcToUsd": "114882.00",
    "ethToUsd": "4720.74",
    "updatedAt": "2025-08-23T13:57:57.498Z"
  },
  {
    "id": 92,
    "usdToUah": "41.32",
    "btcToUsd": "114882.00",
    "ethToUsd": "4720.74",
    "updatedAt": "2025-08-23T13:58:27.498Z"
  },
  {
    "id": 93,
    "usdToUah": "41.32",
    "btcToUsd": "114882.00",
    "ethToUsd": "4720.74",
    "updatedAt": "2025-08-23T13:58:57.498Z"
  },
  {
    "id": 94,
    "usdToUah": "41.32",
    "btcToUsd": "114882.00",
    "ethToUsd": "4720.74",
    "updatedAt": "2025-08-23T13:59:27.498Z"
  },
  {
    "id": 95,
    "usdToUah": "41.32",
    "btcToUsd": "114882.00",
    "ethToUsd": "4720.74",
    "updatedAt": "2025-08-23T13:59:57.498Z"
  },
  {
    "id": 96,
    "usdToUah": "41.32",
    "btcToUsd": "114882.00",
    "ethToUsd": "4720.74",
    "updatedAt": "2025-08-23T14:00:27.498Z"
  },
  {
    "id": 97,
    "usdToUah": "41.32",
    "btcToUsd": "114882.00",
    "ethToUsd": "4720.74",
    "updatedAt": "2025-08-23T14:00:57.498Z"
  },
  {
    "id": 98,
    "usdToUah": "41.32",
    "btcToUsd": "114882.00",
    "ethToUsd": "4720.74",
    "updatedAt": "2025-08-23T14:01:27.499Z"
  },
  {
    "id": 99,
    "usdToUah": "41.32",
    "btcToUsd": "114882.00",
    "ethToUsd": "4720.74",
    "updatedAt": "2025-08-23T14:01:57.500Z"
  },
  {
    "id": 100,
    "usdToUah": "41.32",
    "btcToUsd": "114882.00",
    "ethToUsd": "4720.74",
    "updatedAt": "2025-08-23T14:02:27.499Z"
  },
  {
    "id": 101,
    "usdToUah": "41.32",
    "btcToUsd": "114804.00",
    "ethToUsd": "4716.90",
    "updatedAt": "2025-08-23T14:02:57.691Z"
  },
  {
    "id": 102,
    "usdToUah": "41.32",
    "btcToUsd": "114804.00",
    "ethToUsd": "4716.90",
    "updatedAt": "2025-08-23T14:03:27.499Z"
  },
  {
    "id": 103,
    "usdToUah": "41.32",
    "btcToUsd": "114804.00",
    "ethToUsd": "4716.90",
    "updatedAt": "2025-08-23T14:03:57.500Z"
  },
  {
    "id": 104,
    "usdToUah": "41.32",
    "btcToUsd": "114804.00",
    "ethToUsd": "4716.90",
    "updatedAt": "2025-08-23T14:04:27.500Z"
  },
  {
    "id": 105,
    "usdToUah": "41.32",
    "btcToUsd": "114804.00",
    "ethToUsd": "4716.90",
    "updatedAt": "2025-08-23T14:04:57.500Z"
  },
  {
    "id": 106,
    "usdToUah": "41.32",
    "btcToUsd": "114804.00",
    "ethToUsd": "4716.90",
    "updatedAt": "2025-08-23T14:05:27.500Z"
  },
  {
    "id": 107,
    "usdToUah": "41.32",
    "btcToUsd": "114804.00",
    "ethToUsd": "4716.90",
    "updatedAt": "2025-08-23T14:05:57.500Z"
  },
  {
    "id": 108,
    "usdToUah": "41.32",
    "btcToUsd": "114804.00",
    "ethToUsd": "4716.90",
    "updatedAt": "2025-08-23T14:06:27.500Z"
  },
  {
    "id": 109,
    "usdToUah": "41.32",
    "btcToUsd": "114804.00",
    "ethToUsd": "4716.90",
    "updatedAt": "2025-08-23T14:06:57.500Z"
  },
  {
    "id": 110,
    "usdToUah": "41.32",
    "btcToUsd": "114804.00",
    "ethToUsd": "4716.90",
    "updatedAt": "2025-08-23T14:07:27.501Z"
  },
  {
    "id": 111,
    "usdToUah": "41.32",
    "btcToUsd": "114804.00",
    "ethToUsd": "4716.90",
    "updatedAt": "2025-08-23T14:07:57.501Z"
  },
  {
    "id": 112,
    "usdToUah": "41.32",
    "btcToUsd": "114808.00",
    "ethToUsd": "4719.26",
    "updatedAt": "2025-08-23T14:08:27.694Z"
  },
  {
    "id": 113,
    "usdToUah": "41.32",
    "btcToUsd": "114808.00",
    "ethToUsd": "4719.26",
    "updatedAt": "2025-08-23T14:08:57.500Z"
  },
  {
    "id": 114,
    "usdToUah": "41.32",
    "btcToUsd": "114808.00",
    "ethToUsd": "4719.26",
    "updatedAt": "2025-08-23T14:09:27.501Z"
  },
  {
    "id": 115,
    "usdToUah": "41.32",
    "btcToUsd": "114808.00",
    "ethToUsd": "4719.26",
    "updatedAt": "2025-08-23T14:09:57.501Z"
  },
  {
    "id": 116,
    "usdToUah": "41.32",
    "btcToUsd": "114822.00",
    "ethToUsd": "4720.13",
    "updatedAt": "2025-08-23T14:10:28.250Z"
  },
  {
    "id": 117,
    "usdToUah": "41.32",
    "btcToUsd": "114822.00",
    "ethToUsd": "4720.13",
    "updatedAt": "2025-08-23T14:10:57.704Z"
  },
  {
    "id": 118,
    "usdToUah": "41.32",
    "btcToUsd": "114822.00",
    "ethToUsd": "4720.13",
    "updatedAt": "2025-08-23T14:11:27.704Z"
  },
  {
    "id": 119,
    "usdToUah": "41.32",
    "btcToUsd": "114840.00",
    "ethToUsd": "4720.73",
    "updatedAt": "2025-08-23T14:11:44.352Z"
  },
  {
    "id": 120,
    "usdToUah": "41.32",
    "btcToUsd": "114840.00",
    "ethToUsd": "4720.73",
    "updatedAt": "2025-08-23T14:12:13.116Z"
  },
  {
    "id": 121,
    "usdToUah": "41.32",
    "btcToUsd": "114855.00",
    "ethToUsd": "4722.71",
    "updatedAt": "2025-08-23T14:12:32.665Z"
  },
  {
    "id": 122,
    "usdToUah": "41.32",
    "btcToUsd": "114855.00",
    "ethToUsd": "4722.71",
    "updatedAt": "2025-08-23T14:13:02.227Z"
  },
  {
    "id": 123,
    "usdToUah": "41.32",
    "btcToUsd": "114855.00",
    "ethToUsd": "4722.71",
    "updatedAt": "2025-08-23T14:13:17.113Z"
  },
  {
    "id": 126,
    "usdToUah": "41.32",
    "btcToUsd": "114855.00",
    "ethToUsd": "4722.71",
    "updatedAt": "2025-08-23T14:14:45.483Z"
  },
  {
    "id": 140,
    "usdToUah": "41.32",
    "btcToUsd": "114888.00",
    "ethToUsd": "4732.90",
    "updatedAt": "2025-08-23T14:21:45.483Z"
  },
  {
    "id": 142,
    "usdToUah": "41.32",
    "btcToUsd": "114888.00",
    "ethToUsd": "4732.90",
    "updatedAt": "2025-08-23T14:22:45.484Z"
  },
  {
    "id": 144,
    "usdToUah": "41.32",
    "btcToUsd": "114888.00",
    "ethToUsd": "4732.90",
    "updatedAt": "2025-08-23T14:23:45.485Z"
  },
  {
    "id": 145,
    "usdToUah": "41.32",
    "btcToUsd": "114921.00",
    "ethToUsd": "4740.71",
    "updatedAt": "2025-08-23T14:24:15.658Z"
  },
  {
    "id": 146,
    "usdToUah": "41.32",
    "btcToUsd": "114921.00",
    "ethToUsd": "4740.71",
    "updatedAt": "2025-08-23T14:24:45.485Z"
  },
  {
    "id": 148,
    "usdToUah": "41.32",
    "btcToUsd": "114921.00",
    "ethToUsd": "4740.71",
    "updatedAt": "2025-08-23T14:25:45.486Z"
  },
  {
    "id": 155,
    "usdToUah": "41.32",
    "btcToUsd": "114921.00",
    "ethToUsd": "4740.71",
    "updatedAt": "2025-08-23T14:29:15.497Z"
  },
  {
    "id": 124,
    "usdToUah": "41.32",
    "btcToUsd": "114855.00",
    "ethToUsd": "4722.71",
    "updatedAt": "2025-08-23T14:13:45.483Z"
  },
  {
    "id": 125,
    "usdToUah": "41.32",
    "btcToUsd": "114855.00",
    "ethToUsd": "4722.71",
    "updatedAt": "2025-08-23T14:14:15.482Z"
  },
  {
    "id": 127,
    "usdToUah": "41.32",
    "btcToUsd": "114855.00",
    "ethToUsd": "4722.71",
    "updatedAt": "2025-08-23T14:15:15.483Z"
  },
  {
    "id": 128,
    "usdToUah": "41.32",
    "btcToUsd": "114855.00",
    "ethToUsd": "4722.71",
    "updatedAt": "2025-08-23T14:15:45.483Z"
  },
  {
    "id": 129,
    "usdToUah": "41.32",
    "btcToUsd": "114855.00",
    "ethToUsd": "4722.71",
    "updatedAt": "2025-08-23T14:16:15.483Z"
  },
  {
    "id": 130,
    "usdToUah": "41.32",
    "btcToUsd": "114855.00",
    "ethToUsd": "4722.71",
    "updatedAt": "2025-08-23T14:16:45.483Z"
  },
  {
    "id": 131,
    "usdToUah": "41.32",
    "btcToUsd": "114855.00",
    "ethToUsd": "4722.71",
    "updatedAt": "2025-08-23T14:17:15.483Z"
  },
  {
    "id": 132,
    "usdToUah": "41.32",
    "btcToUsd": "114855.00",
    "ethToUsd": "4722.71",
    "updatedAt": "2025-08-23T14:17:45.482Z"
  },
  {
    "id": 133,
    "usdToUah": "41.32",
    "btcToUsd": "114855.00",
    "ethToUsd": "4722.71",
    "updatedAt": "2025-08-23T14:18:15.483Z"
  },
  {
    "id": 134,
    "usdToUah": "41.32",
    "btcToUsd": "114888.00",
    "ethToUsd": "4732.90",
    "updatedAt": "2025-08-23T14:18:45.686Z"
  },
  {
    "id": 136,
    "usdToUah": "41.32",
    "btcToUsd": "114888.00",
    "ethToUsd": "4732.90",
    "updatedAt": "2025-08-23T14:19:45.482Z"
  },
  {
    "id": 141,
    "usdToUah": "41.32",
    "btcToUsd": "114888.00",
    "ethToUsd": "4732.90",
    "updatedAt": "2025-08-23T14:22:15.484Z"
  },
  {
    "id": 143,
    "usdToUah": "41.32",
    "btcToUsd": "114888.00",
    "ethToUsd": "4732.90",
    "updatedAt": "2025-08-23T14:23:15.485Z"
  },
  {
    "id": 147,
    "usdToUah": "41.32",
    "btcToUsd": "114921.00",
    "ethToUsd": "4740.71",
    "updatedAt": "2025-08-23T14:25:15.485Z"
  },
  {
    "id": 152,
    "usdToUah": "41.32",
    "btcToUsd": "114921.00",
    "ethToUsd": "4740.71",
    "updatedAt": "2025-08-23T14:27:45.490Z"
  },
  {
    "id": 135,
    "usdToUah": "41.32",
    "btcToUsd": "114888.00",
    "ethToUsd": "4732.90",
    "updatedAt": "2025-08-23T14:19:15.482Z"
  },
  {
    "id": 137,
    "usdToUah": "41.32",
    "btcToUsd": "114888.00",
    "ethToUsd": "4732.90",
    "updatedAt": "2025-08-23T14:20:15.483Z"
  },
  {
    "id": 138,
    "usdToUah": "41.32",
    "btcToUsd": "114888.00",
    "ethToUsd": "4732.90",
    "updatedAt": "2025-08-23T14:20:45.482Z"
  },
  {
    "id": 139,
    "usdToUah": "41.32",
    "btcToUsd": "114888.00",
    "ethToUsd": "4732.90",
    "updatedAt": "2025-08-23T14:21:15.483Z"
  },
  {
    "id": 149,
    "usdToUah": "41.32",
    "btcToUsd": "114921.00",
    "ethToUsd": "4740.71",
    "updatedAt": "2025-08-23T14:26:15.490Z"
  },
  {
    "id": 150,
    "usdToUah": "41.32",
    "btcToUsd": "114921.00",
    "ethToUsd": "4740.71",
    "updatedAt": "2025-08-23T14:26:45.491Z"
  },
  {
    "id": 151,
    "usdToUah": "41.32",
    "btcToUsd": "114921.00",
    "ethToUsd": "4740.71",
    "updatedAt": "2025-08-23T14:27:15.491Z"
  },
  {
    "id": 153,
    "usdToUah": "41.32",
    "btcToUsd": "114921.00",
    "ethToUsd": "4740.71",
    "updatedAt": "2025-08-23T14:28:15.491Z"
  },
  {
    "id": 154,
    "usdToUah": "41.32",
    "btcToUsd": "114921.00",
    "ethToUsd": "4740.71",
    "updatedAt": "2025-08-23T14:28:45.497Z"
  },
  {
    "id": 156,
    "usdToUah": "41.32",
    "btcToUsd": "114689.00",
    "ethToUsd": "4735.38",
    "updatedAt": "2025-08-23T15:18:49.794Z"
  },
  {
    "id": 157,
    "usdToUah": "41.32",
    "btcToUsd": "114689.00",
    "ethToUsd": "4735.38",
    "updatedAt": "2025-08-23T15:19:14.792Z"
  },
  {
    "id": 158,
    "usdToUah": "41.32",
    "btcToUsd": "114689.00",
    "ethToUsd": "4735.38",
    "updatedAt": "2025-08-23T15:19:44.210Z"
  },
  {
    "id": 159,
    "usdToUah": "41.32",
    "btcToUsd": "114689.00",
    "ethToUsd": "4735.38",
    "updatedAt": "2025-08-23T15:20:14.210Z"
  },
  {
    "id": 160,
    "usdToUah": "41.32",
    "btcToUsd": "114689.00",
    "ethToUsd": "4735.38",
    "updatedAt": "2025-08-23T15:20:44.210Z"
  },
  {
    "id": 161,
    "usdToUah": "41.32",
    "btcToUsd": "114689.00",
    "ethToUsd": "4735.38",
    "updatedAt": "2025-08-23T15:21:14.210Z"
  },
  {
    "id": 162,
    "usdToUah": "41.32",
    "btcToUsd": "114689.00",
    "ethToUsd": "4735.38",
    "updatedAt": "2025-08-23T15:21:44.211Z"
  },
  {
    "id": 163,
    "usdToUah": "41.32",
    "btcToUsd": "114689.00",
    "ethToUsd": "4735.38",
    "updatedAt": "2025-08-23T15:22:14.212Z"
  },
  {
    "id": 164,
    "usdToUah": "41.32",
    "btcToUsd": "114772.00",
    "ethToUsd": "4741.56",
    "updatedAt": "2025-08-23T15:22:40.634Z"
  },
  {
    "id": 165,
    "usdToUah": "41.32",
    "btcToUsd": "114689.00",
    "ethToUsd": "4735.38",
    "updatedAt": "2025-08-23T15:22:44.212Z"
  },
  {
    "id": 166,
    "usdToUah": "41.32",
    "btcToUsd": "114791.00",
    "ethToUsd": "4745.37",
    "updatedAt": "2025-08-23T15:23:07.277Z"
  },
  {
    "id": 167,
    "usdToUah": "41.32",
    "btcToUsd": "114689.00",
    "ethToUsd": "4735.38",
    "updatedAt": "2025-08-23T15:23:14.213Z"
  },
  {
    "id": 168,
    "usdToUah": "41.32",
    "btcToUsd": "114791.00",
    "ethToUsd": "4745.37",
    "updatedAt": "2025-08-23T15:23:37.559Z"
  },
  {
    "id": 169,
    "usdToUah": "41.32",
    "btcToUsd": "114689.00",
    "ethToUsd": "4735.38",
    "updatedAt": "2025-08-23T15:23:44.213Z"
  },
  {
    "id": 170,
    "usdToUah": "41.32",
    "btcToUsd": "114791.00",
    "ethToUsd": "4745.37",
    "updatedAt": "2025-08-23T15:24:06.437Z"
  },
  {
    "id": 171,
    "usdToUah": "41.32",
    "btcToUsd": "114689.00",
    "ethToUsd": "4735.38",
    "updatedAt": "2025-08-23T15:24:14.213Z"
  },
  {
    "id": 172,
    "usdToUah": "41.32",
    "btcToUsd": "114844.00",
    "ethToUsd": "4743.87",
    "updatedAt": "2025-08-23T15:24:44.447Z"
  },
  {
    "id": 173,
    "usdToUah": "41.32",
    "btcToUsd": "114844.00",
    "ethToUsd": "4743.87",
    "updatedAt": "2025-08-23T15:25:04.915Z"
  },
  {
    "id": 174,
    "usdToUah": "41.32",
    "btcToUsd": "114844.00",
    "ethToUsd": "4743.87",
    "updatedAt": "2025-08-23T15:25:14.215Z"
  },
  {
    "id": 175,
    "usdToUah": "41.32",
    "btcToUsd": "114844.00",
    "ethToUsd": "4743.87",
    "updatedAt": "2025-08-23T15:25:37.101Z"
  },
  {
    "id": 176,
    "usdToUah": "41.32",
    "btcToUsd": "114844.00",
    "ethToUsd": "4743.87",
    "updatedAt": "2025-08-23T15:25:44.215Z"
  },
  {
    "id": 177,
    "usdToUah": "41.32",
    "btcToUsd": "114844.00",
    "ethToUsd": "4743.87",
    "updatedAt": "2025-08-23T15:26:06.494Z"
  },
  {
    "id": 178,
    "usdToUah": "41.32",
    "btcToUsd": "114844.00",
    "ethToUsd": "4743.87",
    "updatedAt": "2025-08-23T15:26:14.215Z"
  },
  {
    "id": 179,
    "usdToUah": "41.32",
    "btcToUsd": "114844.00",
    "ethToUsd": "4743.87",
    "updatedAt": "2025-08-23T15:26:44.216Z"
  },
  {
    "id": 180,
    "usdToUah": "41.32",
    "btcToUsd": "114844.00",
    "ethToUsd": "4743.87",
    "updatedAt": "2025-08-23T15:27:14.216Z"
  },
  {
    "id": 181,
    "usdToUah": "41.32",
    "btcToUsd": "114844.00",
    "ethToUsd": "4743.87",
    "updatedAt": "2025-08-23T15:27:44.216Z"
  },
  {
    "id": 182,
    "usdToUah": "41.32",
    "btcToUsd": "114844.00",
    "ethToUsd": "4743.87",
    "updatedAt": "2025-08-23T15:28:14.216Z"
  },
  {
    "id": 183,
    "usdToUah": "41.32",
    "btcToUsd": "114844.00",
    "ethToUsd": "4743.87",
    "updatedAt": "2025-08-23T15:28:44.216Z"
  },
  {
    "id": 184,
    "usdToUah": "41.32",
    "btcToUsd": "114844.00",
    "ethToUsd": "4743.87",
    "updatedAt": "2025-08-23T15:29:14.216Z"
  },
  {
    "id": 185,
    "usdToUah": "41.32",
    "btcToUsd": "114844.00",
    "ethToUsd": "4743.87",
    "updatedAt": "2025-08-23T15:29:44.216Z"
  },
  {
    "id": 186,
    "usdToUah": "41.32",
    "btcToUsd": "114839.00",
    "ethToUsd": "4739.85",
    "updatedAt": "2025-08-23T15:29:53.975Z"
  },
  {
    "id": 187,
    "usdToUah": "41.32",
    "btcToUsd": "114839.00",
    "ethToUsd": "4739.85",
    "updatedAt": "2025-08-23T15:30:14.430Z"
  },
  {
    "id": 188,
    "usdToUah": "41.32",
    "btcToUsd": "114839.00",
    "ethToUsd": "4739.85",
    "updatedAt": "2025-08-23T15:30:23.409Z"
  },
  {
    "id": 189,
    "usdToUah": "41.32",
    "btcToUsd": "114839.00",
    "ethToUsd": "4739.85",
    "updatedAt": "2025-08-23T15:30:44.216Z"
  },
  {
    "id": 190,
    "usdToUah": "41.32",
    "btcToUsd": "114862.00",
    "ethToUsd": "4741.72",
    "updatedAt": "2025-08-23T15:30:52.687Z"
  },
  {
    "id": 191,
    "usdToUah": "41.32",
    "btcToUsd": "114839.00",
    "ethToUsd": "4739.85",
    "updatedAt": "2025-08-23T15:31:14.216Z"
  },
  {
    "id": 192,
    "usdToUah": "41.32",
    "btcToUsd": "114862.00",
    "ethToUsd": "4741.72",
    "updatedAt": "2025-08-23T15:31:22.280Z"
  },
  {
    "id": 193,
    "usdToUah": "41.32",
    "btcToUsd": "114839.00",
    "ethToUsd": "4739.85",
    "updatedAt": "2025-08-23T15:31:44.216Z"
  },
  {
    "id": 194,
    "usdToUah": "41.32",
    "btcToUsd": "114862.00",
    "ethToUsd": "4741.72",
    "updatedAt": "2025-08-23T15:31:52.281Z"
  },
  {
    "id": 195,
    "usdToUah": "41.32",
    "btcToUsd": "114839.00",
    "ethToUsd": "4739.85",
    "updatedAt": "2025-08-23T15:32:14.216Z"
  },
  {
    "id": 196,
    "usdToUah": "41.32",
    "btcToUsd": "114862.00",
    "ethToUsd": "4741.72",
    "updatedAt": "2025-08-23T15:32:22.281Z"
  },
  {
    "id": 197,
    "usdToUah": "41.32",
    "btcToUsd": "114839.00",
    "ethToUsd": "4739.85",
    "updatedAt": "2025-08-23T15:32:44.216Z"
  },
  {
    "id": 198,
    "usdToUah": "41.32",
    "btcToUsd": "114839.00",
    "ethToUsd": "4739.85",
    "updatedAt": "2025-08-23T15:33:14.217Z"
  },
  {
    "id": 199,
    "usdToUah": "41.32",
    "btcToUsd": "114839.00",
    "ethToUsd": "4739.85",
    "updatedAt": "2025-08-23T15:33:44.217Z"
  },
  {
    "id": 200,
    "usdToUah": "41.32",
    "btcToUsd": "114839.00",
    "ethToUsd": "4739.85",
    "updatedAt": "2025-08-23T15:34:14.217Z"
  },
  {
    "id": 201,
    "usdToUah": "41.32",
    "btcToUsd": "114839.00",
    "ethToUsd": "4739.85",
    "updatedAt": "2025-08-23T15:34:44.218Z"
  },
  {
    "id": 202,
    "usdToUah": "41.32",
    "btcToUsd": "114839.00",
    "ethToUsd": "4739.85",
    "updatedAt": "2025-08-23T15:35:14.218Z"
  },
  {
    "id": 203,
    "usdToUah": "41.32",
    "btcToUsd": "114845.00",
    "ethToUsd": "4738.50",
    "updatedAt": "2025-08-23T15:35:21.016Z"
  },
  {
    "id": 204,
    "usdToUah": "41.32",
    "btcToUsd": "114845.00",
    "ethToUsd": "4738.50",
    "updatedAt": "2025-08-23T15:35:44.398Z"
  },
  {
    "id": 205,
    "usdToUah": "41.32",
    "btcToUsd": "114838.00",
    "ethToUsd": "4738.65",
    "updatedAt": "2025-08-23T15:35:55.389Z"
  },
  {
    "id": 206,
    "usdToUah": "41.32",
    "btcToUsd": "114845.00",
    "ethToUsd": "4738.50",
    "updatedAt": "2025-08-23T15:36:14.219Z"
  },
  {
    "id": 207,
    "usdToUah": "41.32",
    "btcToUsd": "114838.00",
    "ethToUsd": "4738.65",
    "updatedAt": "2025-08-23T15:36:24.492Z"
  },
  {
    "id": 208,
    "usdToUah": "41.32",
    "btcToUsd": "114845.00",
    "ethToUsd": "4738.50",
    "updatedAt": "2025-08-23T15:36:44.219Z"
  },
  {
    "id": 209,
    "usdToUah": "41.32",
    "btcToUsd": "114847.00",
    "ethToUsd": "4739.22",
    "updatedAt": "2025-08-23T15:36:56.397Z"
  },
  {
    "id": 210,
    "usdToUah": "41.32",
    "btcToUsd": "114845.00",
    "ethToUsd": "4738.50",
    "updatedAt": "2025-08-23T15:37:14.219Z"
  },
  {
    "id": 211,
    "usdToUah": "41.32",
    "btcToUsd": "114847.00",
    "ethToUsd": "4739.22",
    "updatedAt": "2025-08-23T15:37:25.184Z"
  },
  {
    "id": 212,
    "usdToUah": "41.32",
    "btcToUsd": "114845.00",
    "ethToUsd": "4738.50",
    "updatedAt": "2025-08-23T15:37:44.219Z"
  },
  {
    "id": 213,
    "usdToUah": "41.32",
    "btcToUsd": "114847.00",
    "ethToUsd": "4739.22",
    "updatedAt": "2025-08-23T15:37:55.185Z"
  },
  {
    "id": 214,
    "usdToUah": "41.32",
    "btcToUsd": "114845.00",
    "ethToUsd": "4738.50",
    "updatedAt": "2025-08-23T15:38:14.219Z"
  },
  {
    "id": 215,
    "usdToUah": "41.32",
    "btcToUsd": "114847.00",
    "ethToUsd": "4739.22",
    "updatedAt": "2025-08-23T15:38:25.185Z"
  },
  {
    "id": 216,
    "usdToUah": "41.32",
    "btcToUsd": "114845.00",
    "ethToUsd": "4738.50",
    "updatedAt": "2025-08-23T15:38:44.219Z"
  },
  {
    "id": 217,
    "usdToUah": "41.32",
    "btcToUsd": "114844.00",
    "ethToUsd": "4742.27",
    "updatedAt": "2025-08-23T15:39:37.708Z"
  },
  {
    "id": 218,
    "usdToUah": "41.32",
    "btcToUsd": "114844.00",
    "ethToUsd": "4742.27",
    "updatedAt": "2025-08-23T15:40:21.296Z"
  },
  {
    "id": 219,
    "usdToUah": "41.32",
    "btcToUsd": "114844.00",
    "ethToUsd": "4742.27",
    "updatedAt": "2025-08-23T15:40:50.180Z"
  },
  {
    "id": 220,
    "usdToUah": "41.32",
    "btcToUsd": "114844.00",
    "ethToUsd": "4742.27",
    "updatedAt": "2025-08-23T15:41:20.180Z"
  },
  {
    "id": 221,
    "usdToUah": "41.32",
    "btcToUsd": "114844.00",
    "ethToUsd": "4742.27",
    "updatedAt": "2025-08-23T15:41:50.180Z"
  },
  {
    "id": 222,
    "usdToUah": "41.32",
    "btcToUsd": "114844.00",
    "ethToUsd": "4742.27",
    "updatedAt": "2025-08-23T15:42:20.180Z"
  },
  {
    "id": 223,
    "usdToUah": "41.32",
    "btcToUsd": "114844.00",
    "ethToUsd": "4742.27",
    "updatedAt": "2025-08-23T15:42:50.180Z"
  },
  {
    "id": 224,
    "usdToUah": "41.32",
    "btcToUsd": "114844.00",
    "ethToUsd": "4742.27",
    "updatedAt": "2025-08-23T15:43:20.180Z"
  },
  {
    "id": 225,
    "usdToUah": "41.32",
    "btcToUsd": "114844.00",
    "ethToUsd": "4742.27",
    "updatedAt": "2025-08-23T15:43:50.180Z"
  },
  {
    "id": 226,
    "usdToUah": "41.32",
    "btcToUsd": "114844.00",
    "ethToUsd": "4742.27",
    "updatedAt": "2025-08-23T15:44:20.180Z"
  },
  {
    "id": 227,
    "usdToUah": "41.32",
    "btcToUsd": "114844.00",
    "ethToUsd": "4742.27",
    "updatedAt": "2025-08-23T15:44:50.180Z"
  },
  {
    "id": 228,
    "usdToUah": "41.32",
    "btcToUsd": "114844.00",
    "ethToUsd": "4742.27",
    "updatedAt": "2025-08-23T15:45:20.180Z"
  },
  {
    "id": 229,
    "usdToUah": "41.32",
    "btcToUsd": "114874.00",
    "ethToUsd": "4748.05",
    "updatedAt": "2025-08-23T15:45:50.341Z"
  },
  {
    "id": 230,
    "usdToUah": "41.32",
    "btcToUsd": "114874.00",
    "ethToUsd": "4748.05",
    "updatedAt": "2025-08-23T15:46:20.180Z"
  },
  {
    "id": 231,
    "usdToUah": "41.32",
    "btcToUsd": "114874.00",
    "ethToUsd": "4748.05",
    "updatedAt": "2025-08-23T15:46:50.180Z"
  },
  {
    "id": 232,
    "usdToUah": "41.32",
    "btcToUsd": "114874.00",
    "ethToUsd": "4748.05",
    "updatedAt": "2025-08-23T15:47:20.180Z"
  },
  {
    "id": 233,
    "usdToUah": "41.32",
    "btcToUsd": "114874.00",
    "ethToUsd": "4748.05",
    "updatedAt": "2025-08-23T15:47:50.180Z"
  },
  {
    "id": 234,
    "usdToUah": "41.32",
    "btcToUsd": "114874.00",
    "ethToUsd": "4748.05",
    "updatedAt": "2025-08-23T15:48:20.180Z"
  },
  {
    "id": 235,
    "usdToUah": "41.32",
    "btcToUsd": "114874.00",
    "ethToUsd": "4748.05",
    "updatedAt": "2025-08-23T15:48:50.180Z"
  },
  {
    "id": 236,
    "usdToUah": "41.32",
    "btcToUsd": "114874.00",
    "ethToUsd": "4748.05",
    "updatedAt": "2025-08-23T15:49:20.180Z"
  },
  {
    "id": 237,
    "usdToUah": "41.32",
    "btcToUsd": "114874.00",
    "ethToUsd": "4748.05",
    "updatedAt": "2025-08-23T15:49:50.180Z"
  },
  {
    "id": 238,
    "usdToUah": "41.32",
    "btcToUsd": "114874.00",
    "ethToUsd": "4748.05",
    "updatedAt": "2025-08-23T15:50:20.180Z"
  },
  {
    "id": 239,
    "usdToUah": "41.32",
    "btcToUsd": "114874.00",
    "ethToUsd": "4748.05",
    "updatedAt": "2025-08-23T15:50:50.180Z"
  },
  {
    "id": 240,
    "usdToUah": "41.32",
    "btcToUsd": "114841.00",
    "ethToUsd": "4751.51",
    "updatedAt": "2025-08-23T15:51:20.403Z"
  },
  {
    "id": 241,
    "usdToUah": "41.32",
    "btcToUsd": "114841.00",
    "ethToUsd": "4751.51",
    "updatedAt": "2025-08-23T15:51:50.180Z"
  },
  {
    "id": 242,
    "usdToUah": "41.32",
    "btcToUsd": "114841.00",
    "ethToUsd": "4751.51",
    "updatedAt": "2025-08-23T15:52:20.180Z"
  },
  {
    "id": 243,
    "usdToUah": "41.32",
    "btcToUsd": "114841.00",
    "ethToUsd": "4751.51",
    "updatedAt": "2025-08-23T15:52:50.180Z"
  },
  {
    "id": 244,
    "usdToUah": "41.32",
    "btcToUsd": "114841.00",
    "ethToUsd": "4751.51",
    "updatedAt": "2025-08-23T15:53:20.180Z"
  },
  {
    "id": 245,
    "usdToUah": "41.32",
    "btcToUsd": "114841.00",
    "ethToUsd": "4751.51",
    "updatedAt": "2025-08-23T15:53:50.180Z"
  },
  {
    "id": 246,
    "usdToUah": "41.32",
    "btcToUsd": "114841.00",
    "ethToUsd": "4751.51",
    "updatedAt": "2025-08-23T15:54:20.180Z"
  },
  {
    "id": 247,
    "usdToUah": "41.32",
    "btcToUsd": "114841.00",
    "ethToUsd": "4751.51",
    "updatedAt": "2025-08-23T15:54:50.182Z"
  },
  {
    "id": 248,
    "usdToUah": "41.32",
    "btcToUsd": "114841.00",
    "ethToUsd": "4751.51",
    "updatedAt": "2025-08-23T15:55:20.182Z"
  },
  {
    "id": 249,
    "usdToUah": "41.32",
    "btcToUsd": "114841.00",
    "ethToUsd": "4751.51",
    "updatedAt": "2025-08-23T15:55:50.182Z"
  },
  {
    "id": 250,
    "usdToUah": "41.32",
    "btcToUsd": "114841.00",
    "ethToUsd": "4751.51",
    "updatedAt": "2025-08-23T15:56:20.182Z"
  },
  {
    "id": 251,
    "usdToUah": "41.32",
    "btcToUsd": "114817.00",
    "ethToUsd": "4756.82",
    "updatedAt": "2025-08-23T15:56:50.383Z"
  },
  {
    "id": 252,
    "usdToUah": "41.32",
    "btcToUsd": "114817.00",
    "ethToUsd": "4756.82",
    "updatedAt": "2025-08-23T15:57:20.181Z"
  },
  {
    "id": 253,
    "usdToUah": "41.32",
    "btcToUsd": "114817.00",
    "ethToUsd": "4756.82",
    "updatedAt": "2025-08-23T15:57:50.182Z"
  },
  {
    "id": 254,
    "usdToUah": "41.32",
    "btcToUsd": "114817.00",
    "ethToUsd": "4756.82",
    "updatedAt": "2025-08-23T15:58:20.183Z"
  },
  {
    "id": 255,
    "usdToUah": "41.32",
    "btcToUsd": "114817.00",
    "ethToUsd": "4756.82",
    "updatedAt": "2025-08-23T15:58:50.183Z"
  },
  {
    "id": 256,
    "usdToUah": "41.32",
    "btcToUsd": "114817.00",
    "ethToUsd": "4756.82",
    "updatedAt": "2025-08-23T15:59:20.183Z"
  },
  {
    "id": 257,
    "usdToUah": "41.32",
    "btcToUsd": "114817.00",
    "ethToUsd": "4756.82",
    "updatedAt": "2025-08-23T15:59:50.183Z"
  },
  {
    "id": 258,
    "usdToUah": "41.32",
    "btcToUsd": "114817.00",
    "ethToUsd": "4756.82",
    "updatedAt": "2025-08-23T16:00:20.183Z"
  },
  {
    "id": 259,
    "usdToUah": "41.32",
    "btcToUsd": "114817.00",
    "ethToUsd": "4756.82",
    "updatedAt": "2025-08-23T16:00:50.183Z"
  },
  {
    "id": 260,
    "usdToUah": "41.32",
    "btcToUsd": "114817.00",
    "ethToUsd": "4756.82",
    "updatedAt": "2025-08-23T16:01:20.183Z"
  },
  {
    "id": 261,
    "usdToUah": "41.32",
    "btcToUsd": "114817.00",
    "ethToUsd": "4756.82",
    "updatedAt": "2025-08-23T16:01:50.183Z"
  },
  {
    "id": 262,
    "usdToUah": "41.32",
    "btcToUsd": "114788.00",
    "ethToUsd": "4749.13",
    "updatedAt": "2025-08-23T16:02:20.394Z"
  },
  {
    "id": 263,
    "usdToUah": "41.32",
    "btcToUsd": "114788.00",
    "ethToUsd": "4749.13",
    "updatedAt": "2025-08-23T16:02:50.183Z"
  },
  {
    "id": 264,
    "usdToUah": "41.32",
    "btcToUsd": "114788.00",
    "ethToUsd": "4749.13",
    "updatedAt": "2025-08-23T16:03:20.183Z"
  },
  {
    "id": 265,
    "usdToUah": "41.32",
    "btcToUsd": "114788.00",
    "ethToUsd": "4749.13",
    "updatedAt": "2025-08-23T16:03:50.183Z"
  },
  {
    "id": 266,
    "usdToUah": "41.32",
    "btcToUsd": "114788.00",
    "ethToUsd": "4749.13",
    "updatedAt": "2025-08-23T16:04:20.183Z"
  },
  {
    "id": 267,
    "usdToUah": "41.32",
    "btcToUsd": "114788.00",
    "ethToUsd": "4749.13",
    "updatedAt": "2025-08-23T16:04:50.183Z"
  },
  {
    "id": 275,
    "usdToUah": "41.32",
    "btcToUsd": "114753.00",
    "ethToUsd": "4749.13",
    "updatedAt": "2025-08-23T16:08:50.184Z"
  },
  {
    "id": 277,
    "usdToUah": "41.32",
    "btcToUsd": "114753.00",
    "ethToUsd": "4749.13",
    "updatedAt": "2025-08-23T16:09:50.184Z"
  },
  {
    "id": 279,
    "usdToUah": "41.32",
    "btcToUsd": "114753.00",
    "ethToUsd": "4749.13",
    "updatedAt": "2025-08-23T16:10:50.184Z"
  },
  {
    "id": 283,
    "usdToUah": "41.32",
    "btcToUsd": "114753.00",
    "ethToUsd": "4749.13",
    "updatedAt": "2025-08-23T16:12:50.184Z"
  },
  {
    "id": 291,
    "usdToUah": "41.32",
    "btcToUsd": "114744.00",
    "ethToUsd": "4752.13",
    "updatedAt": "2025-08-23T16:16:50.186Z"
  },
  {
    "id": 294,
    "usdToUah": "41.32",
    "btcToUsd": "114744.00",
    "ethToUsd": "4752.13",
    "updatedAt": "2025-08-23T16:18:20.186Z"
  },
  {
    "id": 296,
    "usdToUah": "41.32",
    "btcToUsd": "114700.00",
    "ethToUsd": "4748.76",
    "updatedAt": "2025-08-23T16:19:20.186Z"
  },
  {
    "id": 297,
    "usdToUah": "41.32",
    "btcToUsd": "114700.00",
    "ethToUsd": "4748.76",
    "updatedAt": "2025-08-23T16:19:50.186Z"
  },
  {
    "id": 299,
    "usdToUah": "41.32",
    "btcToUsd": "114700.00",
    "ethToUsd": "4748.76",
    "updatedAt": "2025-08-23T16:20:50.187Z"
  },
  {
    "id": 302,
    "usdToUah": "41.32",
    "btcToUsd": "114700.00",
    "ethToUsd": "4748.76",
    "updatedAt": "2025-08-23T16:22:20.188Z"
  },
  {
    "id": 303,
    "usdToUah": "41.32",
    "btcToUsd": "114700.00",
    "ethToUsd": "4748.76",
    "updatedAt": "2025-08-23T16:22:50.189Z"
  },
  {
    "id": 305,
    "usdToUah": "41.32",
    "btcToUsd": "114700.00",
    "ethToUsd": "4748.76",
    "updatedAt": "2025-08-23T16:23:50.189Z"
  },
  {
    "id": 306,
    "usdToUah": "41.32",
    "btcToUsd": "114762.00",
    "ethToUsd": "4752.36",
    "updatedAt": "2025-08-23T16:24:20.396Z"
  },
  {
    "id": 307,
    "usdToUah": "41.32",
    "btcToUsd": "114762.00",
    "ethToUsd": "4752.36",
    "updatedAt": "2025-08-23T16:24:50.189Z"
  },
  {
    "id": 309,
    "usdToUah": "41.32",
    "btcToUsd": "114762.00",
    "ethToUsd": "4752.36",
    "updatedAt": "2025-08-23T16:25:50.189Z"
  },
  {
    "id": 268,
    "usdToUah": "41.32",
    "btcToUsd": "114788.00",
    "ethToUsd": "4749.13",
    "updatedAt": "2025-08-23T16:05:20.183Z"
  },
  {
    "id": 272,
    "usdToUah": "41.32",
    "btcToUsd": "114788.00",
    "ethToUsd": "4749.13",
    "updatedAt": "2025-08-23T16:07:20.184Z"
  },
  {
    "id": 273,
    "usdToUah": "41.32",
    "btcToUsd": "114753.00",
    "ethToUsd": "4749.13",
    "updatedAt": "2025-08-23T16:07:50.414Z"
  },
  {
    "id": 276,
    "usdToUah": "41.32",
    "btcToUsd": "114753.00",
    "ethToUsd": "4749.13",
    "updatedAt": "2025-08-23T16:09:20.184Z"
  },
  {
    "id": 280,
    "usdToUah": "41.32",
    "btcToUsd": "114753.00",
    "ethToUsd": "4749.13",
    "updatedAt": "2025-08-23T16:11:20.184Z"
  },
  {
    "id": 281,
    "usdToUah": "41.32",
    "btcToUsd": "114753.00",
    "ethToUsd": "4749.13",
    "updatedAt": "2025-08-23T16:11:50.184Z"
  },
  {
    "id": 282,
    "usdToUah": "41.32",
    "btcToUsd": "114753.00",
    "ethToUsd": "4749.13",
    "updatedAt": "2025-08-23T16:12:20.184Z"
  },
  {
    "id": 284,
    "usdToUah": "41.32",
    "btcToUsd": "114744.00",
    "ethToUsd": "4752.13",
    "updatedAt": "2025-08-23T16:13:20.352Z"
  },
  {
    "id": 285,
    "usdToUah": "41.32",
    "btcToUsd": "114744.00",
    "ethToUsd": "4752.13",
    "updatedAt": "2025-08-23T16:13:50.184Z"
  },
  {
    "id": 286,
    "usdToUah": "41.32",
    "btcToUsd": "114744.00",
    "ethToUsd": "4752.13",
    "updatedAt": "2025-08-23T16:14:20.184Z"
  },
  {
    "id": 287,
    "usdToUah": "41.32",
    "btcToUsd": "114744.00",
    "ethToUsd": "4752.13",
    "updatedAt": "2025-08-23T16:14:50.185Z"
  },
  {
    "id": 288,
    "usdToUah": "41.32",
    "btcToUsd": "114744.00",
    "ethToUsd": "4752.13",
    "updatedAt": "2025-08-23T16:15:20.185Z"
  },
  {
    "id": 290,
    "usdToUah": "41.32",
    "btcToUsd": "114744.00",
    "ethToUsd": "4752.13",
    "updatedAt": "2025-08-23T16:16:20.186Z"
  },
  {
    "id": 292,
    "usdToUah": "41.32",
    "btcToUsd": "114744.00",
    "ethToUsd": "4752.13",
    "updatedAt": "2025-08-23T16:17:20.186Z"
  },
  {
    "id": 293,
    "usdToUah": "41.32",
    "btcToUsd": "114744.00",
    "ethToUsd": "4752.13",
    "updatedAt": "2025-08-23T16:17:50.186Z"
  },
  {
    "id": 301,
    "usdToUah": "41.32",
    "btcToUsd": "114700.00",
    "ethToUsd": "4748.76",
    "updatedAt": "2025-08-23T16:21:50.188Z"
  },
  {
    "id": 310,
    "usdToUah": "41.32",
    "btcToUsd": "114762.00",
    "ethToUsd": "4752.36",
    "updatedAt": "2025-08-23T16:26:20.189Z"
  },
  {
    "id": 311,
    "usdToUah": "41.32",
    "btcToUsd": "114762.00",
    "ethToUsd": "4752.36",
    "updatedAt": "2025-08-23T16:26:50.189Z"
  },
  {
    "id": 269,
    "usdToUah": "41.32",
    "btcToUsd": "114788.00",
    "ethToUsd": "4749.13",
    "updatedAt": "2025-08-23T16:05:50.184Z"
  },
  {
    "id": 270,
    "usdToUah": "41.32",
    "btcToUsd": "114788.00",
    "ethToUsd": "4749.13",
    "updatedAt": "2025-08-23T16:06:20.184Z"
  },
  {
    "id": 271,
    "usdToUah": "41.32",
    "btcToUsd": "114788.00",
    "ethToUsd": "4749.13",
    "updatedAt": "2025-08-23T16:06:50.184Z"
  },
  {
    "id": 274,
    "usdToUah": "41.32",
    "btcToUsd": "114753.00",
    "ethToUsd": "4749.13",
    "updatedAt": "2025-08-23T16:08:20.184Z"
  },
  {
    "id": 278,
    "usdToUah": "41.32",
    "btcToUsd": "114753.00",
    "ethToUsd": "4749.13",
    "updatedAt": "2025-08-23T16:10:20.184Z"
  },
  {
    "id": 289,
    "usdToUah": "41.32",
    "btcToUsd": "114744.00",
    "ethToUsd": "4752.13",
    "updatedAt": "2025-08-23T16:15:50.185Z"
  },
  {
    "id": 295,
    "usdToUah": "41.32",
    "btcToUsd": "114700.00",
    "ethToUsd": "4748.76",
    "updatedAt": "2025-08-23T16:18:50.344Z"
  },
  {
    "id": 298,
    "usdToUah": "41.32",
    "btcToUsd": "114700.00",
    "ethToUsd": "4748.76",
    "updatedAt": "2025-08-23T16:20:20.186Z"
  },
  {
    "id": 300,
    "usdToUah": "41.32",
    "btcToUsd": "114700.00",
    "ethToUsd": "4748.76",
    "updatedAt": "2025-08-23T16:21:20.187Z"
  },
  {
    "id": 304,
    "usdToUah": "41.32",
    "btcToUsd": "114700.00",
    "ethToUsd": "4748.76",
    "updatedAt": "2025-08-23T16:23:20.189Z"
  },
  {
    "id": 308,
    "usdToUah": "41.32",
    "btcToUsd": "114762.00",
    "ethToUsd": "4752.36",
    "updatedAt": "2025-08-23T16:25:20.189Z"
  },
  {
    "id": 312,
    "usdToUah": "41.32",
    "btcToUsd": "114762.00",
    "ethToUsd": "4752.36",
    "updatedAt": "2025-08-23T16:27:20.189Z"
  },
  {
    "id": 313,
    "usdToUah": "41.32",
    "btcToUsd": "114762.00",
    "ethToUsd": "4752.36",
    "updatedAt": "2025-08-23T16:27:50.189Z"
  },
  {
    "id": 314,
    "usdToUah": "41.32",
    "btcToUsd": "114762.00",
    "ethToUsd": "4752.36",
    "updatedAt": "2025-08-23T16:28:20.189Z"
  },
  {
    "id": 315,
    "usdToUah": "41.32",
    "btcToUsd": "114762.00",
    "ethToUsd": "4752.36",
    "updatedAt": "2025-08-23T16:28:50.189Z"
  },
  {
    "id": 316,
    "usdToUah": "41.32",
    "btcToUsd": "114762.00",
    "ethToUsd": "4752.36",
    "updatedAt": "2025-08-23T16:29:20.189Z"
  },
  {
    "id": 317,
    "usdToUah": "41.32",
    "btcToUsd": "114834.00",
    "ethToUsd": "4754.14",
    "updatedAt": "2025-08-23T16:29:50.363Z"
  },
  {
    "id": 318,
    "usdToUah": "41.32",
    "btcToUsd": "114834.00",
    "ethToUsd": "4754.14",
    "updatedAt": "2025-08-23T16:30:20.190Z"
  },
  {
    "id": 319,
    "usdToUah": "41.32",
    "btcToUsd": "114834.00",
    "ethToUsd": "4754.14",
    "updatedAt": "2025-08-23T16:30:50.190Z"
  },
  {
    "id": 320,
    "usdToUah": "41.32",
    "btcToUsd": "114834.00",
    "ethToUsd": "4754.14",
    "updatedAt": "2025-08-23T16:31:20.190Z"
  },
  {
    "id": 321,
    "usdToUah": "41.32",
    "btcToUsd": "114834.00",
    "ethToUsd": "4754.14",
    "updatedAt": "2025-08-23T16:31:50.190Z"
  },
  {
    "id": 322,
    "usdToUah": "41.32",
    "btcToUsd": "114834.00",
    "ethToUsd": "4754.14",
    "updatedAt": "2025-08-23T16:32:20.190Z"
  },
  {
    "id": 323,
    "usdToUah": "41.32",
    "btcToUsd": "114834.00",
    "ethToUsd": "4754.14",
    "updatedAt": "2025-08-23T16:32:50.190Z"
  },
  {
    "id": 324,
    "usdToUah": "41.32",
    "btcToUsd": "114834.00",
    "ethToUsd": "4754.14",
    "updatedAt": "2025-08-23T16:33:20.191Z"
  },
  {
    "id": 325,
    "usdToUah": "41.32",
    "btcToUsd": "114834.00",
    "ethToUsd": "4754.14",
    "updatedAt": "2025-08-23T16:33:50.191Z"
  },
  {
    "id": 326,
    "usdToUah": "41.32",
    "btcToUsd": "114834.00",
    "ethToUsd": "4754.14",
    "updatedAt": "2025-08-23T16:34:20.191Z"
  },
  {
    "id": 327,
    "usdToUah": "41.32",
    "btcToUsd": "114834.00",
    "ethToUsd": "4754.14",
    "updatedAt": "2025-08-23T16:34:50.191Z"
  },
  {
    "id": 328,
    "usdToUah": "41.32",
    "btcToUsd": "114813.00",
    "ethToUsd": "4750.91",
    "updatedAt": "2025-08-23T16:35:20.382Z"
  },
  {
    "id": 329,
    "usdToUah": "41.32",
    "btcToUsd": "114813.00",
    "ethToUsd": "4750.91",
    "updatedAt": "2025-08-23T16:35:50.191Z"
  },
  {
    "id": 330,
    "usdToUah": "41.32",
    "btcToUsd": "114813.00",
    "ethToUsd": "4750.91",
    "updatedAt": "2025-08-23T16:36:20.191Z"
  },
  {
    "id": 331,
    "usdToUah": "41.32",
    "btcToUsd": "114813.00",
    "ethToUsd": "4750.91",
    "updatedAt": "2025-08-23T16:36:50.191Z"
  },
  {
    "id": 332,
    "usdToUah": "41.32",
    "btcToUsd": "114813.00",
    "ethToUsd": "4750.91",
    "updatedAt": "2025-08-23T16:37:20.191Z"
  },
  {
    "id": 333,
    "usdToUah": "41.32",
    "btcToUsd": "114813.00",
    "ethToUsd": "4750.91",
    "updatedAt": "2025-08-23T16:37:50.192Z"
  },
  {
    "id": 334,
    "usdToUah": "41.32",
    "btcToUsd": "114813.00",
    "ethToUsd": "4750.91",
    "updatedAt": "2025-08-23T16:38:20.192Z"
  },
  {
    "id": 335,
    "usdToUah": "41.32",
    "btcToUsd": "114813.00",
    "ethToUsd": "4750.91",
    "updatedAt": "2025-08-23T16:38:50.192Z"
  },
  {
    "id": 336,
    "usdToUah": "41.32",
    "btcToUsd": "114813.00",
    "ethToUsd": "4750.91",
    "updatedAt": "2025-08-23T16:39:20.192Z"
  },
  {
    "id": 337,
    "usdToUah": "41.32",
    "btcToUsd": "114813.00",
    "ethToUsd": "4750.91",
    "updatedAt": "2025-08-23T16:39:50.192Z"
  },
  {
    "id": 338,
    "usdToUah": "41.32",
    "btcToUsd": "114813.00",
    "ethToUsd": "4750.91",
    "updatedAt": "2025-08-23T16:40:20.192Z"
  },
  {
    "id": 339,
    "usdToUah": "41.32",
    "btcToUsd": "114826.00",
    "ethToUsd": "4752.08",
    "updatedAt": "2025-08-23T16:40:50.352Z"
  },
  {
    "id": 340,
    "usdToUah": "41.32",
    "btcToUsd": "114826.00",
    "ethToUsd": "4752.08",
    "updatedAt": "2025-08-23T16:41:20.192Z"
  },
  {
    "id": 341,
    "usdToUah": "41.32",
    "btcToUsd": "114826.00",
    "ethToUsd": "4752.08",
    "updatedAt": "2025-08-23T16:41:50.192Z"
  },
  {
    "id": 342,
    "usdToUah": "41.32",
    "btcToUsd": "114826.00",
    "ethToUsd": "4752.08",
    "updatedAt": "2025-08-23T16:42:20.192Z"
  },
  {
    "id": 343,
    "usdToUah": "41.32",
    "btcToUsd": "114826.00",
    "ethToUsd": "4752.08",
    "updatedAt": "2025-08-23T16:42:50.192Z"
  },
  {
    "id": 344,
    "usdToUah": "41.32",
    "btcToUsd": "114826.00",
    "ethToUsd": "4752.08",
    "updatedAt": "2025-08-23T16:43:20.193Z"
  },
  {
    "id": 345,
    "usdToUah": "41.32",
    "btcToUsd": "114826.00",
    "ethToUsd": "4752.08",
    "updatedAt": "2025-08-23T16:43:50.193Z"
  },
  {
    "id": 346,
    "usdToUah": "41.32",
    "btcToUsd": "114826.00",
    "ethToUsd": "4752.08",
    "updatedAt": "2025-08-23T16:44:20.193Z"
  },
  {
    "id": 347,
    "usdToUah": "41.32",
    "btcToUsd": "114826.00",
    "ethToUsd": "4752.08",
    "updatedAt": "2025-08-23T16:44:50.193Z"
  },
  {
    "id": 348,
    "usdToUah": "41.32",
    "btcToUsd": "114826.00",
    "ethToUsd": "4752.08",
    "updatedAt": "2025-08-23T16:45:20.193Z"
  },
  {
    "id": 349,
    "usdToUah": "41.32",
    "btcToUsd": "114826.00",
    "ethToUsd": "4752.08",
    "updatedAt": "2025-08-23T16:45:50.193Z"
  },
  {
    "id": 350,
    "usdToUah": "41.32",
    "btcToUsd": "114736.00",
    "ethToUsd": "4746.10",
    "updatedAt": "2025-08-23T16:46:20.344Z"
  },
  {
    "id": 351,
    "usdToUah": "41.32",
    "btcToUsd": "114736.00",
    "ethToUsd": "4746.10",
    "updatedAt": "2025-08-23T16:46:50.194Z"
  },
  {
    "id": 352,
    "usdToUah": "41.32",
    "btcToUsd": "114736.00",
    "ethToUsd": "4746.10",
    "updatedAt": "2025-08-23T16:47:20.194Z"
  },
  {
    "id": 353,
    "usdToUah": "41.32",
    "btcToUsd": "114736.00",
    "ethToUsd": "4746.10",
    "updatedAt": "2025-08-23T16:47:50.194Z"
  },
  {
    "id": 354,
    "usdToUah": "41.32",
    "btcToUsd": "114736.00",
    "ethToUsd": "4746.10",
    "updatedAt": "2025-08-23T16:48:20.194Z"
  },
  {
    "id": 355,
    "usdToUah": "41.32",
    "btcToUsd": "114736.00",
    "ethToUsd": "4746.10",
    "updatedAt": "2025-08-23T16:48:50.194Z"
  },
  {
    "id": 356,
    "usdToUah": "41.32",
    "btcToUsd": "114736.00",
    "ethToUsd": "4746.10",
    "updatedAt": "2025-08-23T16:49:20.194Z"
  },
  {
    "id": 357,
    "usdToUah": "41.32",
    "btcToUsd": "114736.00",
    "ethToUsd": "4746.10",
    "updatedAt": "2025-08-23T16:49:50.194Z"
  },
  {
    "id": 358,
    "usdToUah": "41.32",
    "btcToUsd": "114736.00",
    "ethToUsd": "4746.10",
    "updatedAt": "2025-08-23T16:50:20.194Z"
  },
  {
    "id": 359,
    "usdToUah": "41.32",
    "btcToUsd": "114736.00",
    "ethToUsd": "4746.10",
    "updatedAt": "2025-08-23T16:50:50.194Z"
  },
  {
    "id": 360,
    "usdToUah": "41.32",
    "btcToUsd": "114736.00",
    "ethToUsd": "4746.10",
    "updatedAt": "2025-08-23T16:51:20.194Z"
  },
  {
    "id": 361,
    "usdToUah": "41.32",
    "btcToUsd": "114798.00",
    "ethToUsd": "4746.33",
    "updatedAt": "2025-08-23T16:51:50.376Z"
  },
  {
    "id": 362,
    "usdToUah": "41.32",
    "btcToUsd": "114798.00",
    "ethToUsd": "4746.33",
    "updatedAt": "2025-08-23T16:52:20.194Z"
  },
  {
    "id": 363,
    "usdToUah": "41.32",
    "btcToUsd": "114798.00",
    "ethToUsd": "4746.33",
    "updatedAt": "2025-08-23T16:52:50.194Z"
  },
  {
    "id": 364,
    "usdToUah": "41.32",
    "btcToUsd": "114798.00",
    "ethToUsd": "4746.33",
    "updatedAt": "2025-08-23T16:53:20.194Z"
  },
  {
    "id": 365,
    "usdToUah": "41.32",
    "btcToUsd": "114798.00",
    "ethToUsd": "4746.33",
    "updatedAt": "2025-08-23T16:53:50.194Z"
  },
  {
    "id": 366,
    "usdToUah": "41.32",
    "btcToUsd": "114798.00",
    "ethToUsd": "4746.33",
    "updatedAt": "2025-08-23T16:54:20.194Z"
  },
  {
    "id": 367,
    "usdToUah": "41.32",
    "btcToUsd": "114798.00",
    "ethToUsd": "4746.33",
    "updatedAt": "2025-08-23T16:54:50.194Z"
  },
  {
    "id": 368,
    "usdToUah": "41.32",
    "btcToUsd": "114798.00",
    "ethToUsd": "4746.33",
    "updatedAt": "2025-08-23T16:55:20.194Z"
  },
  {
    "id": 369,
    "usdToUah": "41.32",
    "btcToUsd": "114798.00",
    "ethToUsd": "4746.33",
    "updatedAt": "2025-08-23T16:55:50.194Z"
  },
  {
    "id": 370,
    "usdToUah": "41.32",
    "btcToUsd": "114798.00",
    "ethToUsd": "4746.33",
    "updatedAt": "2025-08-23T16:56:20.194Z"
  },
  {
    "id": 371,
    "usdToUah": "41.32",
    "btcToUsd": "114798.00",
    "ethToUsd": "4746.33",
    "updatedAt": "2025-08-23T16:56:50.194Z"
  },
  {
    "id": 372,
    "usdToUah": "41.32",
    "btcToUsd": "114940.00",
    "ethToUsd": "4745.36",
    "updatedAt": "2025-08-23T16:57:20.383Z"
  },
  {
    "id": 373,
    "usdToUah": "41.32",
    "btcToUsd": "114940.00",
    "ethToUsd": "4745.36",
    "updatedAt": "2025-08-23T16:57:50.194Z"
  },
  {
    "id": 374,
    "usdToUah": "41.32",
    "btcToUsd": "114940.00",
    "ethToUsd": "4745.36",
    "updatedAt": "2025-08-23T16:58:20.194Z"
  },
  {
    "id": 375,
    "usdToUah": "41.32",
    "btcToUsd": "114940.00",
    "ethToUsd": "4745.36",
    "updatedAt": "2025-08-23T16:58:50.194Z"
  },
  {
    "id": 376,
    "usdToUah": "41.32",
    "btcToUsd": "114940.00",
    "ethToUsd": "4745.36",
    "updatedAt": "2025-08-23T16:59:20.194Z"
  },
  {
    "id": 377,
    "usdToUah": "41.32",
    "btcToUsd": "114940.00",
    "ethToUsd": "4745.36",
    "updatedAt": "2025-08-23T16:59:50.195Z"
  },
  {
    "id": 378,
    "usdToUah": "41.32",
    "btcToUsd": "114940.00",
    "ethToUsd": "4745.36",
    "updatedAt": "2025-08-23T17:00:20.195Z"
  },
  {
    "id": 379,
    "usdToUah": "41.32",
    "btcToUsd": "114940.00",
    "ethToUsd": "4745.36",
    "updatedAt": "2025-08-23T17:00:50.195Z"
  },
  {
    "id": 380,
    "usdToUah": "41.32",
    "btcToUsd": "114940.00",
    "ethToUsd": "4745.36",
    "updatedAt": "2025-08-23T17:01:20.195Z"
  },
  {
    "id": 381,
    "usdToUah": "41.32",
    "btcToUsd": "114940.00",
    "ethToUsd": "4745.36",
    "updatedAt": "2025-08-23T17:01:50.195Z"
  },
  {
    "id": 382,
    "usdToUah": "41.32",
    "btcToUsd": "114940.00",
    "ethToUsd": "4745.36",
    "updatedAt": "2025-08-23T17:02:20.195Z"
  },
  {
    "id": 383,
    "usdToUah": "41.32",
    "btcToUsd": "114988.00",
    "ethToUsd": "4741.87",
    "updatedAt": "2025-08-23T17:02:50.403Z"
  },
  {
    "id": 384,
    "usdToUah": "41.32",
    "btcToUsd": "114988.00",
    "ethToUsd": "4741.87",
    "updatedAt": "2025-08-23T17:03:20.196Z"
  },
  {
    "id": 385,
    "usdToUah": "41.32",
    "btcToUsd": "114988.00",
    "ethToUsd": "4741.87",
    "updatedAt": "2025-08-23T17:03:50.197Z"
  },
  {
    "id": 386,
    "usdToUah": "41.32",
    "btcToUsd": "114988.00",
    "ethToUsd": "4741.87",
    "updatedAt": "2025-08-23T17:04:20.197Z"
  },
  {
    "id": 387,
    "usdToUah": "41.32",
    "btcToUsd": "114988.00",
    "ethToUsd": "4741.87",
    "updatedAt": "2025-08-23T17:04:50.197Z"
  },
  {
    "id": 388,
    "usdToUah": "41.32",
    "btcToUsd": "114988.00",
    "ethToUsd": "4741.87",
    "updatedAt": "2025-08-23T17:05:20.197Z"
  },
  {
    "id": 389,
    "usdToUah": "41.32",
    "btcToUsd": "114988.00",
    "ethToUsd": "4741.87",
    "updatedAt": "2025-08-23T17:05:50.198Z"
  },
  {
    "id": 390,
    "usdToUah": "41.32",
    "btcToUsd": "114988.00",
    "ethToUsd": "4741.87",
    "updatedAt": "2025-08-23T17:06:20.198Z"
  },
  {
    "id": 391,
    "usdToUah": "41.32",
    "btcToUsd": "114988.00",
    "ethToUsd": "4741.87",
    "updatedAt": "2025-08-23T17:06:50.198Z"
  },
  {
    "id": 392,
    "usdToUah": "41.32",
    "btcToUsd": "114988.00",
    "ethToUsd": "4741.87",
    "updatedAt": "2025-08-23T17:07:20.198Z"
  },
  {
    "id": 393,
    "usdToUah": "41.32",
    "btcToUsd": "114988.00",
    "ethToUsd": "4741.87",
    "updatedAt": "2025-08-23T17:07:50.198Z"
  },
  {
    "id": 394,
    "usdToUah": "41.32",
    "btcToUsd": "115022.00",
    "ethToUsd": "4747.60",
    "updatedAt": "2025-08-23T17:08:20.366Z"
  },
  {
    "id": 395,
    "usdToUah": "41.32",
    "btcToUsd": "115022.00",
    "ethToUsd": "4747.60",
    "updatedAt": "2025-08-23T17:08:50.198Z"
  },
  {
    "id": 396,
    "usdToUah": "41.32",
    "btcToUsd": "115022.00",
    "ethToUsd": "4747.60",
    "updatedAt": "2025-08-23T17:09:20.198Z"
  },
  {
    "id": 397,
    "usdToUah": "41.32",
    "btcToUsd": "115022.00",
    "ethToUsd": "4747.60",
    "updatedAt": "2025-08-23T17:09:50.198Z"
  },
  {
    "id": 398,
    "usdToUah": "41.32",
    "btcToUsd": "115022.00",
    "ethToUsd": "4747.60",
    "updatedAt": "2025-08-23T17:10:20.198Z"
  },
  {
    "id": 399,
    "usdToUah": "41.32",
    "btcToUsd": "115022.00",
    "ethToUsd": "4747.60",
    "updatedAt": "2025-08-23T17:10:50.198Z"
  },
  {
    "id": 400,
    "usdToUah": "41.32",
    "btcToUsd": "115022.00",
    "ethToUsd": "4747.60",
    "updatedAt": "2025-08-23T17:11:20.198Z"
  },
  {
    "id": 401,
    "usdToUah": "41.32",
    "btcToUsd": "115022.00",
    "ethToUsd": "4747.60",
    "updatedAt": "2025-08-23T17:11:50.198Z"
  },
  {
    "id": 402,
    "usdToUah": "41.32",
    "btcToUsd": "115022.00",
    "ethToUsd": "4747.60",
    "updatedAt": "2025-08-23T17:12:20.198Z"
  },
  {
    "id": 403,
    "usdToUah": "41.32",
    "btcToUsd": "115022.00",
    "ethToUsd": "4747.60",
    "updatedAt": "2025-08-23T17:12:50.198Z"
  },
  {
    "id": 404,
    "usdToUah": "41.32",
    "btcToUsd": "115022.00",
    "ethToUsd": "4747.60",
    "updatedAt": "2025-08-23T17:13:20.198Z"
  },
  {
    "id": 405,
    "usdToUah": "41.32",
    "btcToUsd": "115064.00",
    "ethToUsd": "4744.19",
    "updatedAt": "2025-08-23T17:13:50.412Z"
  },
  {
    "id": 406,
    "usdToUah": "41.32",
    "btcToUsd": "115064.00",
    "ethToUsd": "4744.19",
    "updatedAt": "2025-08-23T17:14:20.198Z"
  },
  {
    "id": 407,
    "usdToUah": "41.32",
    "btcToUsd": "115064.00",
    "ethToUsd": "4744.19",
    "updatedAt": "2025-08-23T17:14:50.198Z"
  },
  {
    "id": 408,
    "usdToUah": "41.32",
    "btcToUsd": "115064.00",
    "ethToUsd": "4744.19",
    "updatedAt": "2025-08-23T17:15:20.198Z"
  },
  {
    "id": 409,
    "usdToUah": "41.32",
    "btcToUsd": "115064.00",
    "ethToUsd": "4744.19",
    "updatedAt": "2025-08-23T17:15:50.198Z"
  },
  {
    "id": 410,
    "usdToUah": "41.32",
    "btcToUsd": "115064.00",
    "ethToUsd": "4744.19",
    "updatedAt": "2025-08-23T17:16:20.198Z"
  },
  {
    "id": 411,
    "usdToUah": "41.32",
    "btcToUsd": "115064.00",
    "ethToUsd": "4744.19",
    "updatedAt": "2025-08-23T17:16:50.198Z"
  },
  {
    "id": 412,
    "usdToUah": "41.32",
    "btcToUsd": "115064.00",
    "ethToUsd": "4744.19",
    "updatedAt": "2025-08-23T17:17:20.198Z"
  },
  {
    "id": 413,
    "usdToUah": "41.32",
    "btcToUsd": "115064.00",
    "ethToUsd": "4744.19",
    "updatedAt": "2025-08-23T17:17:50.198Z"
  },
  {
    "id": 414,
    "usdToUah": "41.32",
    "btcToUsd": "115064.00",
    "ethToUsd": "4744.19",
    "updatedAt": "2025-08-23T17:18:20.198Z"
  },
  {
    "id": 415,
    "usdToUah": "41.32",
    "btcToUsd": "115064.00",
    "ethToUsd": "4744.19",
    "updatedAt": "2025-08-23T17:18:50.198Z"
  },
  {
    "id": 416,
    "usdToUah": "41.32",
    "btcToUsd": "114996.00",
    "ethToUsd": "4744.06",
    "updatedAt": "2025-08-23T17:19:20.370Z"
  },
  {
    "id": 417,
    "usdToUah": "41.32",
    "btcToUsd": "114996.00",
    "ethToUsd": "4744.06",
    "updatedAt": "2025-08-23T17:19:50.197Z"
  },
  {
    "id": 418,
    "usdToUah": "41.32",
    "btcToUsd": "114996.00",
    "ethToUsd": "4744.06",
    "updatedAt": "2025-08-23T17:20:20.198Z"
  },
  {
    "id": 419,
    "usdToUah": "41.32",
    "btcToUsd": "114996.00",
    "ethToUsd": "4744.06",
    "updatedAt": "2025-08-23T17:20:50.198Z"
  },
  {
    "id": 420,
    "usdToUah": "41.32",
    "btcToUsd": "114996.00",
    "ethToUsd": "4744.06",
    "updatedAt": "2025-08-23T17:21:20.198Z"
  },
  {
    "id": 421,
    "usdToUah": "41.32",
    "btcToUsd": "114996.00",
    "ethToUsd": "4744.06",
    "updatedAt": "2025-08-23T17:21:50.198Z"
  },
  {
    "id": 422,
    "usdToUah": "41.32",
    "btcToUsd": "114996.00",
    "ethToUsd": "4744.06",
    "updatedAt": "2025-08-23T17:22:20.198Z"
  },
  {
    "id": 423,
    "usdToUah": "41.32",
    "btcToUsd": "114972.00",
    "ethToUsd": "4738.47",
    "updatedAt": "2025-08-23T17:26:09.016Z"
  },
  {
    "id": 424,
    "usdToUah": "41.32",
    "btcToUsd": "114972.00",
    "ethToUsd": "4738.47",
    "updatedAt": "2025-08-23T17:26:37.383Z"
  },
  {
    "id": 425,
    "usdToUah": "41.32",
    "btcToUsd": "114972.00",
    "ethToUsd": "4738.47",
    "updatedAt": "2025-08-23T17:27:07.384Z"
  },
  {
    "id": 426,
    "usdToUah": "41.32",
    "btcToUsd": "114972.00",
    "ethToUsd": "4738.47",
    "updatedAt": "2025-08-23T17:27:41.558Z"
  },
  {
    "id": 427,
    "usdToUah": "41.32",
    "btcToUsd": "114972.00",
    "ethToUsd": "4738.47",
    "updatedAt": "2025-08-23T17:28:10.551Z"
  },
  {
    "id": 428,
    "usdToUah": "41.32",
    "btcToUsd": "114972.00",
    "ethToUsd": "4738.47",
    "updatedAt": "2025-08-23T17:28:40.551Z"
  },
  {
    "id": 429,
    "usdToUah": "41.32",
    "btcToUsd": "114972.00",
    "ethToUsd": "4738.47",
    "updatedAt": "2025-08-23T17:29:10.551Z"
  },
  {
    "id": 430,
    "usdToUah": "41.32",
    "btcToUsd": "114943.00",
    "ethToUsd": "4733.31",
    "updatedAt": "2025-08-23T17:29:28.906Z"
  },
  {
    "id": 431,
    "usdToUah": "41.32",
    "btcToUsd": "114943.00",
    "ethToUsd": "4733.31",
    "updatedAt": "2025-08-23T17:29:57.584Z"
  },
  {
    "id": 432,
    "usdToUah": "41.32",
    "btcToUsd": "114943.00",
    "ethToUsd": "4733.31",
    "updatedAt": "2025-08-23T17:30:27.584Z"
  },
  {
    "id": 433,
    "usdToUah": "41.32",
    "btcToUsd": "114943.00",
    "ethToUsd": "4733.31",
    "updatedAt": "2025-08-23T17:30:57.584Z"
  },
  {
    "id": 434,
    "usdToUah": "41.32",
    "btcToUsd": "114943.00",
    "ethToUsd": "4733.31",
    "updatedAt": "2025-08-23T17:31:27.584Z"
  },
  {
    "id": 435,
    "usdToUah": "41.32",
    "btcToUsd": "114943.00",
    "ethToUsd": "4733.31",
    "updatedAt": "2025-08-23T17:31:57.584Z"
  },
  {
    "id": 436,
    "usdToUah": "41.32",
    "btcToUsd": "114943.00",
    "ethToUsd": "4733.31",
    "updatedAt": "2025-08-23T17:32:27.584Z"
  },
  {
    "id": 437,
    "usdToUah": "41.32",
    "btcToUsd": "114943.00",
    "ethToUsd": "4733.31",
    "updatedAt": "2025-08-23T17:32:57.584Z"
  },
  {
    "id": 438,
    "usdToUah": "41.32",
    "btcToUsd": "114943.00",
    "ethToUsd": "4733.31",
    "updatedAt": "2025-08-23T17:33:27.584Z"
  },
  {
    "id": 439,
    "usdToUah": "41.32",
    "btcToUsd": "114943.00",
    "ethToUsd": "4733.31",
    "updatedAt": "2025-08-23T17:33:57.584Z"
  },
  {
    "id": 440,
    "usdToUah": "41.32",
    "btcToUsd": "114943.00",
    "ethToUsd": "4733.31",
    "updatedAt": "2025-08-23T17:34:27.584Z"
  },
  {
    "id": 441,
    "usdToUah": "41.32",
    "btcToUsd": "115004.00",
    "ethToUsd": "4733.28",
    "updatedAt": "2025-08-23T17:34:57.824Z"
  },
  {
    "id": 442,
    "usdToUah": "41.32",
    "btcToUsd": "115004.00",
    "ethToUsd": "4733.28",
    "updatedAt": "2025-08-23T17:35:27.584Z"
  },
  {
    "id": 443,
    "usdToUah": "41.32",
    "btcToUsd": "115004.00",
    "ethToUsd": "4733.28",
    "updatedAt": "2025-08-23T17:35:57.584Z"
  },
  {
    "id": 444,
    "usdToUah": "41.32",
    "btcToUsd": "115004.00",
    "ethToUsd": "4733.28",
    "updatedAt": "2025-08-23T17:36:27.584Z"
  },
  {
    "id": 445,
    "usdToUah": "41.32",
    "btcToUsd": "115004.00",
    "ethToUsd": "4733.28",
    "updatedAt": "2025-08-23T17:36:57.584Z"
  },
  {
    "id": 446,
    "usdToUah": "41.32",
    "btcToUsd": "115028.00",
    "ethToUsd": "4737.45",
    "updatedAt": "2025-08-23T17:37:36.821Z"
  },
  {
    "id": 447,
    "usdToUah": "41.32",
    "btcToUsd": "115028.00",
    "ethToUsd": "4737.45",
    "updatedAt": "2025-08-23T17:38:05.913Z"
  },
  {
    "id": 448,
    "usdToUah": "41.32",
    "btcToUsd": "115028.00",
    "ethToUsd": "4737.45",
    "updatedAt": "2025-08-23T17:38:35.913Z"
  },
  {
    "id": 449,
    "usdToUah": "41.32",
    "btcToUsd": "115028.00",
    "ethToUsd": "4737.45",
    "updatedAt": "2025-08-23T17:39:05.913Z"
  },
  {
    "id": 450,
    "usdToUah": "41.32",
    "btcToUsd": "115028.00",
    "ethToUsd": "4737.45",
    "updatedAt": "2025-08-23T17:39:35.913Z"
  },
  {
    "id": 451,
    "usdToUah": "41.32",
    "btcToUsd": "115028.00",
    "ethToUsd": "4737.45",
    "updatedAt": "2025-08-23T17:40:05.913Z"
  },
  {
    "id": 452,
    "usdToUah": "41.32",
    "btcToUsd": "115028.00",
    "ethToUsd": "4737.45",
    "updatedAt": "2025-08-23T17:40:35.913Z"
  },
  {
    "id": 453,
    "usdToUah": "41.32",
    "btcToUsd": "115028.00",
    "ethToUsd": "4737.45",
    "updatedAt": "2025-08-23T17:41:05.913Z"
  },
  {
    "id": 454,
    "usdToUah": "41.32",
    "btcToUsd": "115028.00",
    "ethToUsd": "4737.45",
    "updatedAt": "2025-08-23T17:41:35.913Z"
  },
  {
    "id": 455,
    "usdToUah": "41.32",
    "btcToUsd": "115028.00",
    "ethToUsd": "4737.45",
    "updatedAt": "2025-08-23T17:42:05.913Z"
  },
  {
    "id": 456,
    "usdToUah": "41.32",
    "btcToUsd": "115028.00",
    "ethToUsd": "4737.45",
    "updatedAt": "2025-08-23T17:42:35.913Z"
  },
  {
    "id": 457,
    "usdToUah": "41.32",
    "btcToUsd": "115076.00",
    "ethToUsd": "4744.51",
    "updatedAt": "2025-08-23T17:42:51.411Z"
  },
  {
    "id": 458,
    "usdToUah": "41.32",
    "btcToUsd": "115076.00",
    "ethToUsd": "4744.51",
    "updatedAt": "2025-08-23T17:43:21.021Z"
  },
  {
    "id": 459,
    "usdToUah": "41.32",
    "btcToUsd": "115076.00",
    "ethToUsd": "4744.51",
    "updatedAt": "2025-08-23T17:43:51.021Z"
  },
  {
    "id": 460,
    "usdToUah": "41.32",
    "btcToUsd": "115076.00",
    "ethToUsd": "4744.51",
    "updatedAt": "2025-08-23T17:44:21.021Z"
  },
  {
    "id": 461,
    "usdToUah": "41.32",
    "btcToUsd": "115076.00",
    "ethToUsd": "4744.51",
    "updatedAt": "2025-08-23T17:44:51.021Z"
  },
  {
    "id": 462,
    "usdToUah": "41.32",
    "btcToUsd": "115076.00",
    "ethToUsd": "4744.51",
    "updatedAt": "2025-08-23T17:45:21.020Z"
  },
  {
    "id": 463,
    "usdToUah": "41.32",
    "btcToUsd": "115076.00",
    "ethToUsd": "4744.51",
    "updatedAt": "2025-08-23T17:45:51.021Z"
  },
  {
    "id": 464,
    "usdToUah": "41.32",
    "btcToUsd": "115076.00",
    "ethToUsd": "4744.51",
    "updatedAt": "2025-08-23T17:46:21.022Z"
  },
  {
    "id": 465,
    "usdToUah": "41.32",
    "btcToUsd": "115076.00",
    "ethToUsd": "4744.51",
    "updatedAt": "2025-08-23T17:46:51.022Z"
  },
  {
    "id": 466,
    "usdToUah": "41.32",
    "btcToUsd": "115076.00",
    "ethToUsd": "4744.51",
    "updatedAt": "2025-08-23T17:47:21.021Z"
  },
  {
    "id": 467,
    "usdToUah": "41.32",
    "btcToUsd": "115076.00",
    "ethToUsd": "4744.51",
    "updatedAt": "2025-08-23T17:47:51.021Z"
  },
  {
    "id": 468,
    "usdToUah": "41.32",
    "btcToUsd": "115053.00",
    "ethToUsd": "4745.07",
    "updatedAt": "2025-08-23T17:48:21.268Z"
  },
  {
    "id": 469,
    "usdToUah": "41.32",
    "btcToUsd": "115053.00",
    "ethToUsd": "4745.07",
    "updatedAt": "2025-08-23T17:48:36.555Z"
  },
  {
    "id": 470,
    "usdToUah": "41.32",
    "btcToUsd": "115053.00",
    "ethToUsd": "4745.07",
    "updatedAt": "2025-08-23T17:48:51.022Z"
  },
  {
    "id": 471,
    "usdToUah": "41.32",
    "btcToUsd": "115053.00",
    "ethToUsd": "4745.07",
    "updatedAt": "2025-08-23T17:49:06.425Z"
  },
  {
    "id": 472,
    "usdToUah": "41.32",
    "btcToUsd": "115053.00",
    "ethToUsd": "4745.07",
    "updatedAt": "2025-08-23T17:49:21.022Z"
  },
  {
    "id": 473,
    "usdToUah": "41.32",
    "btcToUsd": "115053.00",
    "ethToUsd": "4745.07",
    "updatedAt": "2025-08-23T17:49:35.362Z"
  },
  {
    "id": 474,
    "usdToUah": "41.32",
    "btcToUsd": "115053.00",
    "ethToUsd": "4745.07",
    "updatedAt": "2025-08-23T17:49:51.022Z"
  },
  {
    "id": 475,
    "usdToUah": "41.32",
    "btcToUsd": "115058.00",
    "ethToUsd": "4745.15",
    "updatedAt": "2025-08-23T17:50:17.411Z"
  },
  {
    "id": 476,
    "usdToUah": "41.32",
    "btcToUsd": "115053.00",
    "ethToUsd": "4745.07",
    "updatedAt": "2025-08-23T17:50:21.024Z"
  },
  {
    "id": 477,
    "usdToUah": "41.32",
    "btcToUsd": "115060.00",
    "ethToUsd": "4744.84",
    "updatedAt": "2025-08-23T17:50:46.741Z"
  },
  {
    "id": 478,
    "usdToUah": "41.32",
    "btcToUsd": "115053.00",
    "ethToUsd": "4745.07",
    "updatedAt": "2025-08-23T17:50:51.023Z"
  },
  {
    "id": 479,
    "usdToUah": "41.32",
    "btcToUsd": "115060.00",
    "ethToUsd": "4744.84",
    "updatedAt": "2025-08-23T17:51:15.870Z"
  },
  {
    "id": 480,
    "usdToUah": "41.32",
    "btcToUsd": "115053.00",
    "ethToUsd": "4745.07",
    "updatedAt": "2025-08-23T17:51:21.024Z"
  },
  {
    "id": 481,
    "usdToUah": "41.32",
    "btcToUsd": "115053.00",
    "ethToUsd": "4745.07",
    "updatedAt": "2025-08-23T17:51:51.024Z"
  },
  {
    "id": 482,
    "usdToUah": "41.32",
    "btcToUsd": "115046.00",
    "ethToUsd": "4742.30",
    "updatedAt": "2025-08-23T17:51:56.667Z"
  },
  {
    "id": 483,
    "usdToUah": "41.32",
    "btcToUsd": "115053.00",
    "ethToUsd": "4745.07",
    "updatedAt": "2025-08-23T17:52:21.026Z"
  },
  {
    "id": 484,
    "usdToUah": "41.32",
    "btcToUsd": "115046.00",
    "ethToUsd": "4742.30",
    "updatedAt": "2025-08-23T17:52:27.631Z"
  },
  {
    "id": 485,
    "usdToUah": "41.32",
    "btcToUsd": "115053.00",
    "ethToUsd": "4745.07",
    "updatedAt": "2025-08-23T17:52:51.026Z"
  },
  {
    "id": 486,
    "usdToUah": "41.32",
    "btcToUsd": "115046.00",
    "ethToUsd": "4742.30",
    "updatedAt": "2025-08-23T17:52:56.600Z"
  },
  {
    "id": 487,
    "usdToUah": "41.32",
    "btcToUsd": "115053.00",
    "ethToUsd": "4745.07",
    "updatedAt": "2025-08-23T17:53:21.025Z"
  },
  {
    "id": 488,
    "usdToUah": "41.32",
    "btcToUsd": "115040.00",
    "ethToUsd": "4743.79",
    "updatedAt": "2025-08-23T17:53:32.984Z"
  },
  {
    "id": 489,
    "usdToUah": "41.32",
    "btcToUsd": "115040.00",
    "ethToUsd": "4743.79",
    "updatedAt": "2025-08-23T17:53:51.160Z"
  },
  {
    "id": 490,
    "usdToUah": "41.32",
    "btcToUsd": "115040.00",
    "ethToUsd": "4743.79",
    "updatedAt": "2025-08-23T17:54:03.001Z"
  },
  {
    "id": 491,
    "usdToUah": "41.32",
    "btcToUsd": "115040.00",
    "ethToUsd": "4743.79",
    "updatedAt": "2025-08-23T17:54:21.027Z"
  },
  {
    "id": 492,
    "usdToUah": "41.32",
    "btcToUsd": "115040.00",
    "ethToUsd": "4743.79",
    "updatedAt": "2025-08-23T17:54:32.404Z"
  },
  {
    "id": 493,
    "usdToUah": "41.32",
    "btcToUsd": "115040.00",
    "ethToUsd": "4743.79",
    "updatedAt": "2025-08-23T17:54:51.027Z"
  },
  {
    "id": 494,
    "usdToUah": "41.32",
    "btcToUsd": "115040.00",
    "ethToUsd": "4743.79",
    "updatedAt": "2025-08-23T17:55:21.027Z"
  },
  {
    "id": 495,
    "usdToUah": "41.32",
    "btcToUsd": "115034.00",
    "ethToUsd": "4744.24",
    "updatedAt": "2025-08-23T17:55:41.547Z"
  },
  {
    "id": 496,
    "usdToUah": "41.32",
    "btcToUsd": "115040.00",
    "ethToUsd": "4743.79",
    "updatedAt": "2025-08-23T17:55:51.026Z"
  },
  {
    "id": 497,
    "usdToUah": "41.32",
    "btcToUsd": "115025.00",
    "ethToUsd": "4744.75",
    "updatedAt": "2025-08-23T17:56:12.600Z"
  },
  {
    "id": 498,
    "usdToUah": "41.32",
    "btcToUsd": "115040.00",
    "ethToUsd": "4743.79",
    "updatedAt": "2025-08-23T17:56:21.027Z"
  },
  {
    "id": 499,
    "usdToUah": "41.32",
    "btcToUsd": "115025.00",
    "ethToUsd": "4744.75",
    "updatedAt": "2025-08-23T17:56:41.590Z"
  },
  {
    "id": 500,
    "usdToUah": "41.32",
    "btcToUsd": "115040.00",
    "ethToUsd": "4743.79",
    "updatedAt": "2025-08-23T17:56:51.027Z"
  },
  {
    "id": 501,
    "usdToUah": "41.32",
    "btcToUsd": "115040.00",
    "ethToUsd": "4743.79",
    "updatedAt": "2025-08-23T17:57:21.026Z"
  }
]