INSERT INTO users (id, username, password, is_regulator, regulator_balance, last_nft_generation, nft_generation_count) VALUES
(1, 'maksim88', 'zh5S4n7CmpDFBpn', false, 0.00000000, NULL, 0),
(4, 'Durov1', 'sxy8Mnm3jxiFaVT', false, 0.00000000, NULL, 0),
(5, 'DianaTomkina', 'A12345678', false, 0.00000000, NULL, 0),
(3, 'regulator', 'Regulator123', true, 500000.00000003, NULL, 0),
(2, 'admin', 'admin123', true, 45684744.35841934, NULL, 0);

INSERT INTO cards (id, user_id, type, number, expiry, cvv, balance, btc_balance, eth_balance, btc_address, eth_address) VALUES
(3, 1, 'uah', '4113907910039456', '08/28', '781', 0.00000000, 0.00000000, 0.00000000, NULL, NULL),
(1, 1, 'crypto', '4111681126189854', '08/28', '165', 0.00000000, 0.00000000, 0.00000000, '1GWzB5z23nWRwz952sfMPvdxDsRTkhWyss', '0x441e217F7C659DFA9C7cf5Cb5D574043b0B865f7'),
(5, 3, 'uah', '4111 6811 2618 5286', '08/28', '336', 40000.00000000, 0.00000000, 0.00000000, NULL, NULL),
(4, 3, 'usd', '4111 6811 2618 7940', '08/28', '407', 1000.00000000, 0.00000000, 0.00000000, NULL, NULL),
(2, 1, 'usd', '4112322062136520', '08/28', '736', 11500.90000000, 0.00000000, 0.00000000, NULL, NULL),
(7, 4, 'crypto', '4111263674099173', '08/28', '890', 0.00000000, 0.00000000, 0.00000000, '16XN8oULvD1zuTeg3RBWGfN9kCMMhjfAws', '0x74878D20F241595324b24Ac8F7F6399a60d2C12C'),
(8, 4, 'usd', '4112747576954276', '08/28', '209', 0.00000000, 0.00000000, 0.00000000, NULL, NULL),
(9, 4, 'uah', '4113099627577767', '08/28', '903', 0.00000000, 0.00000000, 0.00000000, NULL, NULL),
(11, 5, 'usd', '4112520252004718', '08/28', '378', 0.00000000, 0.00000000, 0.00000000, NULL, NULL),
(6, 3, 'crypto', '4111 6811 2618 9390', '08/28', '276', 0.00000000, 937996.42147000, 36800.78130570, '1NeGKbeLmAvNEvg7ZHfE6mgsQQyynTrrMY', '0xFB734f2527B58d1fe46477042428Ad7dC557afCd'),
(12, 5, 'uah', '4113086489300030', '08/28', '571', 86760.32000000, 0.00000000, 0.00000000, NULL, NULL),
(10, 5, 'crypto', '4111357202311723', '08/28', '195', 0.00000000, 0.27893224, 0.00000000, '17hBLXfBeSTiiMrcbv5ZWbU9DEoS1HnioV', '0x7375AEb78FF61bf2EC058c6216d8a74621B2f115');

INSERT INTO transactions (id, from_card_id, to_card_id, amount, converted_amount, type, wallet, status, created_at, description, from_card_number, to_card_number) VALUES
(1, 6, 2, 0.10000000, 11500.90000000, 'transfer', NULL, 'completed', '2025-08-23T13:55:45.037Z', 'Перевод 0.10000000 CRYPTO → 11500.90 USD (курс: 115009.00)', '4111 6811 2618 9390', '4112322062136520'),
(2, 6, 2, 0.00100000, 0.00000001, 'commission', NULL, 'completed', '2025-08-23T13:55:45.386Z', 'Комиссия за перевод (0.00000001 BTC)', '4111 6811 2618 9390', 'REGULATOR'),
(3, 6, 12, 0.30000000, 1423978.10400000, 'transfer', NULL, 'completed', '2025-08-23T15:48:53.739Z', 'Перевод 0.30000000 CRYPTO → 1423978.10 UAH (курс: 4746593.68)', '4111 6811 2618 9390', '4113086489300030'),
(4, 6, 3, 0.00300000, 0.00000003, 'commission', NULL, 'completed', '2025-08-23T15:48:54.085Z', 'Комиссия за перевод (0.00000003 BTC)', '4111 6811 2618 9390', 'REGULATOR'),
(5, 12, 10, 1323978.00000000, 0.27893224, 'crypto_transfer', '17hBLXfBeSTiiMrcbv5ZWbU9DEoS1HnioV', 'completed', '2025-08-23T15:50:41.499Z', 'Конвертация 1323978.00 UAH → 0.27893224 BTC и отправка на адрес 17hBLXfBeSTiiMrcbv5ZWbU9DEoS1HnioV (внутренний перевод)', '4113086489300030', '4111357202311723'),
(6, 12, 2, 13239.78000000, 0.00278932, 'commission', NULL, 'completed', '2025-08-23T15:50:41.848Z', 'Комиссия за перевод BTC (0.00278932 BTC)', '4113086489300030', 'REGULATOR');

INSERT INTO exchange_rates (id, usd_to_uah, btc_to_usd, eth_to_usd, updated_at) VALUES
(1, 41.32, 115119.00, 4718.41, '2025-08-23T13:14:07.141Z'),
(2, 40.50, 65000.00, 3500.00, '2025-08-23T13:14:11.606Z'),
(3, 41.32, 115119.00, 4718.41, '2025-08-23T13:14:36.016Z'),
(4, 41.32, 115119.00, 4718.41, '2025-08-23T13:15:06.016Z'),
(5, 41.32, 115119.00, 4718.41, '2025-08-23T13:15:36.016Z'),
(6, 41.32, 115119.00, 4718.41, '2025-08-23T13:16:06.016Z'),
(7, 41.32, 115119.00, 4718.41, '2025-08-23T13:16:36.016Z'),
(8, 41.32, 115119.00, 4718.41, '2025-08-23T13:17:06.016Z'),
(9, 41.32, 115119.00, 4718.41, '2025-08-23T13:17:36.016Z'),
(10, 41.32, 115119.00, 4718.41, '2025-08-23T13:18:06.017Z'),
(11, 41.32, 115119.00, 4718.41, '2025-08-23T13:18:36.017Z'),
(12, 41.32, 115119.00, 4718.41, '2025-08-23T13:19:06.017Z'),
(13, 41.32, 115124.00, 4720.29, '2025-08-23T13:19:36.219Z'),
(14, 41.32, 115124.00, 4720.29, '2025-08-23T13:20:06.018Z'),
(15, 41.32, 115124.00, 4720.29, '2025-08-23T13:20:36.019Z'),
(16, 41.32, 115124.00, 4720.29, '2025-08-23T13:21:06.018Z'),
(17, 41.32, 115124.00, 4720.29, '2025-08-23T13:21:36.019Z'),
(18, 41.32, 115124.00, 4720.29, '2025-08-23T13:22:06.019Z'),
(19, 41.32, 115124.00, 4720.29, '2025-08-23T13:22:36.020Z'),
(20, 41.32, 115124.00, 4720.29, '2025-08-23T13:23:06.020Z'),
(21, 41.32, 115069.00, 4718.32, '2025-08-23T13:23:34.018Z'),
(22, 41.32, 115069.00, 4718.32, '2025-08-23T13:24:02.837Z'),
(23, 41.32, 115069.00, 4718.32, '2025-08-23T13:24:32.837Z'),
(24, 41.32, 115069.00, 4718.32, '2025-08-23T13:25:02.837Z'),
(25, 41.32, 115069.00, 4718.32, '2025-08-23T13:25:32.837Z'),
(26, 41.32, 115069.00, 4718.32, '2025-08-23T13:26:02.837Z'),
(27, 41.32, 115069.00, 4718.32, '2025-08-23T13:26:32.837Z'),
(28, 41.32, 115069.00, 4718.32, '2025-08-23T13:27:02.837Z'),
(29, 41.32, 115069.00, 4718.32, '2025-08-23T13:27:32.837Z'),
(30, 41.32, 115069.00, 4718.32, '2025-08-23T13:28:02.837Z'),
(31, 41.32, 115069.00, 4718.32, '2025-08-23T13:28:32.837Z'),
(32, 41.32, 115064.00, 4717.14, '2025-08-23T13:29:03.019Z'),
(33, 41.32, 115064.00, 4717.14, '2025-08-23T13:29:32.838Z'),
(34, 41.32, 115064.00, 4717.14, '2025-08-23T13:30:02.839Z'),
(35, 41.32, 115052.00, 4719.61, '2025-08-23T13:30:27.476Z'),
(36, 41.32, 115052.00, 4719.61, '2025-08-23T13:30:56.258Z'),
(37, 41.32, 115052.00, 4719.61, '2025-08-23T13:31:26.258Z'),
(38, 41.32, 115052.00, 4719.61, '2025-08-23T13:31:56.258Z'),
(39, 41.32, 115052.00, 4719.61, '2025-08-23T13:32:26.258Z'),
(40, 41.32, 115052.00, 4719.61, '2025-08-23T13:32:56.258Z'),
(41, 41.32, 115052.00, 4719.61, '2025-08-23T13:33:26.258Z'),
(42, 41.32, 115052.00, 4719.61, '2025-08-23T13:33:56.258Z'),
(43, 41.32, 115052.00, 4719.61, '2025-08-23T13:34:26.258Z'),
(44, 41.32, 115052.00, 4719.61, '2025-08-23T13:34:56.258Z'),
(45, 41.32, 115052.00, 4719.61, '2025-08-23T13:35:26.258Z'),
(46, 41.32, 114926.00, 4723.21, '2025-08-23T13:35:56.414Z'),
(47, 41.32, 114926.00, 4723.21, '2025-08-23T13:36:18.841Z'),
(48, 41.32, 114926.00, 4723.21, '2025-08-23T13:36:48.197Z'),
(49, 41.32, 114926.00, 4723.21, '2025-08-23T13:37:18.198Z'),
(50, 41.32, 114926.00, 4723.21, '2025-08-23T13:37:48.198Z'),
(51, 41.32, 114926.00, 4723.21, '2025-08-23T13:38:18.197Z'),
(52, 41.32, 114926.00, 4723.21, '2025-08-23T13:38:48.198Z'),
(53, 41.32, 114926.00, 4723.21, '2025-08-23T13:39:18.198Z'),
(54, 41.32, 114926.00, 4723.21, '2025-08-23T13:39:48.198Z'),
(55, 41.32, 114926.00, 4723.21, '2025-08-23T13:40:18.198Z'),
(56, 41.32, 114926.00, 4723.21, '2025-08-23T13:40:48.198Z'),
(57, 41.32, 114926.00, 4723.21, '2025-08-23T13:41:18.198Z'),
(58, 41.32, 114810.00, 4717.71, '2025-08-23T13:41:48.409Z'),
(59, 41.32, 114810.00, 4717.71, '2025-08-23T13:42:18.198Z'),
(60, 41.32, 114810.00, 4717.71, '2025-08-23T13:42:48.198Z'),
(61, 41.32, 114810.00, 4717.71, '2025-08-23T13:43:18.198Z'),
(62, 41.32, 114810.00, 4717.71, '2025-08-23T13:43:48.198Z'),
(63, 41.32, 114810.00, 4717.71, '2025-08-23T13:44:18.198Z'),
(64, 41.32, 114810.00, 4717.71, '2025-08-23T13:44:48.198Z'),
(65, 41.32, 114810.00, 4717.71, '2025-08-23T13:45:18.198Z'),
(66, 41.32, 114850.00, 4715.30, '2025-08-23T13:45:39.928Z'),
(67, 41.32, 114850.00, 4715.30, '2025-08-23T13:46:09.491Z'),
(68, 41.32, 114850.00, 4715.30, '2025-08-23T13:46:39.491Z'),
(69, 41.32, 114850.00, 4715.30, '2025-08-23T13:47:09.491Z'),
(70, 41.32, 114850.00, 4715.30, '2025-08-23T13:47:39.491Z'),
(71, 41.32, 114850.00, 4715.30, '2025-08-23T13:48:09.491Z'),
(72, 41.32, 114850.00, 4715.30, '2025-08-23T13:48:39.491Z'),
(73, 41.32, 114850.00, 4715.30, '2025-08-23T13:49:09.491Z'),
(74, 41.32, 114850.00, 4715.30, '2025-08-23T13:49:39.491Z'),
(75, 41.32, 114850.00, 4715.30, '2025-08-23T13:50:09.491Z'),
(76, 41.32, 114850.00, 4715.30, '2025-08-23T13:50:39.492Z'),
(77, 41.32, 114973.00, 4722.93, '2025-08-23T13:51:09.668Z'),
(78, 41.32, 114973.00, 4722.93, '2025-08-23T13:51:39.492Z'),
(79, 41.32, 115009.00, 4723.10, '2025-08-23T13:51:58.178Z'),
(80, 41.32, 115009.00, 4723.10, '2025-08-23T13:52:27.496Z'),
(81, 41.32, 115009.00, 4723.10, '2025-08-23T13:52:57.496Z'),
(82, 41.32, 115009.00, 4723.10, '2025-08-23T13:53:27.496Z'),
(83, 41.32, 115009.00, 4723.10, '2025-08-23T13:53:57.495Z'),
(84, 41.32, 115009.00, 4723.10, '2025-08-23T13:54:27.496Z'),
(85, 41.32, 115009.00, 4723.10, '2025-08-23T13:54:57.496Z'),
(86, 41.32, 115009.00, 4723.10, '2025-08-23T13:55:27.496Z'),
(87, 41.32, 115009.00, 4723.10, '2025-08-23T13:55:57.496Z'),
(88, 41.32, 115009.00, 4723.10, '2025-08-23T13:56:27.496Z'),
(89, 41.32, 115009.00, 4723.10, '2025-08-23T13:56:57.496Z'),
(90, 41.32, 114882.00, 4720.74, '2025-08-23T13:57:27.679Z'),
(91, 41.32, 114882.00, 4720.74, '2025-08-23T13:57:57.498Z'),
(92, 41.32, 114882.00, 4720.74, '2025-08-23T13:58:27.498Z'),
(93, 41.32, 114882.00, 4720.74, '2025-08-23T13:58:57.498Z'),
(94, 41.32, 114882.00, 4720.74, '2025-08-23T13:59:27.498Z'),
(95, 41.32, 114882.00, 4720.74, '2025-08-23T13:59:57.498Z'),
(96, 41.32, 114882.00, 4720.74, '2025-08-23T14:00:27.498Z'),
(97, 41.32, 114882.00, 4720.74, '2025-08-23T14:00:57.498Z'),
(98, 41.32, 114882.00, 4720.74, '2025-08-23T14:01:27.499Z'),
(99, 41.32, 114882.00, 4720.74, '2025-08-23T14:01:57.500Z'),
(100, 41.32, 114882.00, 4720.74, '2025-08-23T14:02:27.499Z'),
(101, 41.32, 114804.00, 4716.90, '2025-08-23T14:02:57.691Z'),
(102, 41.32, 114804.00, 4716.90, '2025-08-23T14:03:27.499Z'),
(103, 41.32, 114804.00, 4716.90, '2025-08-23T14:03:57.500Z'),
(104, 41.32, 114804.00, 4716.90, '2025-08-23T14:04:27.500Z'),
(105, 41.32, 114804.00, 4716.90, '2025-08-23T14:04:57.500Z'),
(106, 41.32, 114804.00, 4716.90, '2025-08-23T14:05:27.500Z'),
(107, 41.32, 114804.00, 4716.90, '2025-08-23T14:05:57.500Z'),
(108, 41.32, 114804.00, 4716.90, '2025-08-23T14:06:27.500Z'),
(109, 41.32, 114804.00, 4716.90, '2025-08-23T14:06:57.500Z'),
(110, 41.32, 114804.00, 4716.90, '2025-08-23T14:07:27.501Z'),
(111, 41.32, 114804.00, 4716.90, '2025-08-23T14:07:57.501Z'),
(112, 41.32, 114808.00, 4719.26, '2025-08-23T14:08:27.694Z'),
(113, 41.32, 114808.00, 4719.26, '2025-08-23T14:08:57.500Z'),
(114, 41.32, 114808.00, 4719.26, '2025-08-23T14:09:27.501Z'),
(115, 41.32, 114808.00, 4719.26, '2025-08-23T14:09:57.501Z'),
(116, 41.32, 114822.00, 4720.13, '2025-08-23T14:10:28.250Z'),
(117, 41.32, 114822.00, 4720.13, '2025-08-23T14:10:57.704Z'),
(118, 41.32, 114822.00, 4720.13, '2025-08-23T14:11:27.704Z'),
(119, 41.32, 114840.00, 4720.73, '2025-08-23T14:11:44.352Z'),
(120, 41.32, 114840.00, 4720.73, '2025-08-23T14:12:13.116Z'),
(121, 41.32, 114855.00, 4722.71, '2025-08-23T14:12:32.665Z'),
(122, 41.32, 114855.00, 4722.71, '2025-08-23T14:13:02.227Z'),
(123, 41.32, 114855.00, 4722.71, '2025-08-23T14:13:17.113Z'),
(126, 41.32, 114855.00, 4722.71, '2025-08-23T14:14:45.483Z'),
(140, 41.32, 114888.00, 4732.90, '2025-08-23T14:21:45.483Z'),
(142, 41.32, 114888.00, 4732.90, '2025-08-23T14:22:45.484Z'),
(144, 41.32, 114888.00, 4732.90, '2025-08-23T14:23:45.485Z'),
(145, 41.32, 114921.00, 4740.71, '2025-08-23T14:24:15.658Z'),
(146, 41.32, 114921.00, 4740.71, '2025-08-23T14:24:45.485Z'),
(148, 41.32, 114921.00, 4740.71, '2025-08-23T14:25:45.486Z'),
(155, 41.32, 114921.00, 4740.71, '2025-08-23T14:29:15.497Z'),
(124, 41.32, 114855.00, 4722.71, '2025-08-23T14:13:45.483Z'),
(125, 41.32, 114855.00, 4722.71, '2025-08-23T14:14:15.482Z'),
(127, 41.32, 114855.00, 4722.71, '2025-08-23T14:15:15.483Z'),
(128, 41.32, 114855.00, 4722.71, '2025-08-23T14:15:45.483Z'),
(129, 41.32, 114855.00, 4722.71, '2025-08-23T14:16:15.483Z'),
(130, 41.32, 114855.00, 4722.71, '2025-08-23T14:16:45.483Z'),
(131, 41.32, 114855.00, 4722.71, '2025-08-23T14:17:15.483Z'),
(132, 41.32, 114855.00, 4722.71, '2025-08-23T14:17:45.482Z'),
(133, 41.32, 114855.00, 4722.71, '2025-08-23T14:18:15.483Z'),
(134, 41.32, 114888.00, 4732.90, '2025-08-23T14:18:45.686Z'),
(136, 41.32, 114888.00, 4732.90, '2025-08-23T14:19:45.482Z'),
(141, 41.32, 114888.00, 4732.90, '2025-08-23T14:22:15.484Z'),
(143, 41.32, 114888.00, 4732.90, '2025-08-23T14:23:15.485Z'),
(147, 41.32, 114921.00, 4740.71, '2025-08-23T14:25:15.485Z'),
(152, 41.32, 114921.00, 4740.71, '2025-08-23T14:27:45.490Z'),
(135, 41.32, 114888.00, 4732.90, '2025-08-23T14:19:15.482Z'),
(137, 41.32, 114888.00, 4732.90, '2025-08-23T14:20:15.483Z'),
(138, 41.32, 114888.00, 4732.90, '2025-08-23T14:20:45.482Z'),
(139, 41.32, 114888.00, 4732.90, '2025-08-23T14:21:15.483Z'),
(149, 41.32, 114921.00, 4740.71, '2025-08-23T14:26:15.490Z'),
(150, 41.32, 114921.00, 4740.71, '2025-08-23T14:26:45.491Z'),
(151, 41.32, 114921.00, 4740.71, '2025-08-23T14:27:15.491Z'),
(153, 41.32, 114921.00, 4740.71, '2025-08-23T14:28:15.491Z'),
(154, 41.32, 114921.00, 4740.71, '2025-08-23T14:28:45.497Z'),
(156, 41.32, 114689.00, 4735.38, '2025-08-23T15:18:49.794Z'),
(157, 41.32, 114689.00, 4735.38, '2025-08-23T15:19:14.792Z'),
(158, 41.32, 114689.00, 4735.38, '2025-08-23T15:19:44.210Z'),
(159, 41.32, 114689.00, 4735.38, '2025-08-23T15:20:14.210Z'),
(160, 41.32, 114689.00, 4735.38, '2025-08-23T15:20:44.210Z'),
(161, 41.32, 114689.00, 4735.38, '2025-08-23T15:21:14.210Z'),
(162, 41.32, 114689.00, 4735.38, '2025-08-23T15:21:44.211Z'),
(163, 41.32, 114689.00, 4735.38, '2025-08-23T15:22:14.212Z'),
(164, 41.32, 114772.00, 4741.56, '2025-08-23T15:22:40.634Z'),
(165, 41.32, 114689.00, 4735.38, '2025-08-23T15:22:44.212Z'),
(166, 41.32, 114791.00, 4745.37, '2025-08-23T15:23:07.277Z'),
(167, 41.32, 114689.00, 4735.38, '2025-08-23T15:23:14.213Z'),
(168, 41.32, 114791.00, 4745.37, '2025-08-23T15:23:37.559Z'),
(169, 41.32, 114689.00, 4735.38, '2025-08-23T15:23:44.213Z'),
(170, 41.32, 114791.00, 4745.37, '2025-08-23T15:24:06.437Z'),
(171, 41.32, 114689.00, 4735.38, '2025-08-23T15:24:14.213Z'),
(172, 41.32, 114844.00, 4743.87, '2025-08-23T15:24:44.447Z'),
(173, 41.32, 114844.00, 4743.87, '2025-08-23T15:25:04.915Z'),
(174, 41.32, 114844.00, 4743.87, '2025-08-23T15:25:14.215Z'),
(175, 41.32, 114844.00, 4743.87, '2025-08-23T15:25:37.101Z'),
(176, 41.32, 114844.00, 4743.87, '2025-08-23T15:25:44.215Z'),
(177, 41.32, 114844.00, 4743.87, '2025-08-23T15:26:06.494Z'),
(178, 41.32, 114844.00, 4743.87, '2025-08-23T15:26:14.215Z'),
(179, 41.32, 114844.00, 4743.87, '2025-08-23T15:26:44.216Z'),
(180, 41.32, 114844.00, 4743.87, '2025-08-23T15:27:14.216Z'),
(181, 41.32, 114844.00, 4743.87, '2025-08-23T15:27:44.216Z'),
(182, 41.32, 114844.00, 4743.87, '2025-08-23T15:28:14.216Z'),
(183, 41.32, 114844.00, 4743.87, '2025-08-23T15:28:44.216Z'),
(184, 41.32, 114844.00, 4743.87, '2025-08-23T15:29:14.216Z'),
(185, 41.32, 114844.00, 4743.87, '2025-08-23T15:29:44.216Z'),
(186, 41.32, 114839.00, 4739.85, '2025-08-23T15:29:53.975Z'),
(187, 41.32, 114839.00, 4739.85, '2025-08-23T15:30:14.430Z'),
(188, 41.32, 114839.00, 4739.85, '2025-08-23T15:30:23.409Z'),
(189, 41.32, 114839.00, 4739.85, '2025-08-23T15:30:44.216Z'),
(190, 41.32, 114862.00, 4741.72, '2025-08-23T15:30:52.687Z'),
(191, 41.32, 114839.00, 4739.85, '2025-08-23T15:31:14.216Z'),
(192, 41.32, 114862.00, 4741.72, '2025-08-23T15:31:22.280Z'),
(193, 41.32, 114839.00, 4739.85, '2025-08-23T15:31:44.216Z'),
(194, 41.32, 114862.00, 4741.72, '2025-08-23T15:31:52.281Z'),
(195, 41.32, 114839.00, 4739.85, '2025-08-23T15:32:14.216Z'),
(196, 41.32, 114862.00, 4741.72, '2025-08-23T15:32:22.281Z'),
(197, 41.32, 114839.00, 4739.85, '2025-08-23T15:32:44.216Z'),
(198, 41.32, 114839.00, 4739.85, '2025-08-23T15:33:14.217Z'),
(199, 41.32, 114839.00, 4739.85, '2025-08-23T15:33:44.217Z'),
(200, 41.32, 114839.00, 4739.85, '2025-08-23T15:34:14.217Z'),
(201, 41.32, 114839.00, 4739.85, '2025-08-23T15:34:44.218Z'),
(202, 41.32, 114839.00, 4739.85, '2025-08-23T15:35:14.218Z'),
(203, 41.32, 114845.00, 4738.50, '2025-08-23T15:35:21.016Z'),
(204, 41.32, 114845.00, 4738.50, '2025-08-23T15:35:44.398Z'),
(205, 41.32, 114838.00, 4738.65, '2025-08-23T15:35:55.389Z'),
(206, 41.32, 114845.00, 4738.50, '2025-08-23T15:36:14.219Z'),
(207, 41.32, 114838.00, 4738.65, '2025-08-23T15:36:24.492Z'),
(208, 41.32, 114845.00, 4738.50, '2025-08-23T15:36:44.219Z'),
(209, 41.32, 114847.00, 4739.22, '2025-08-23T15:36:56.397Z'),
(210, 41.32, 114845.00, 4738.50, '2025-08-23T15:37:14.219Z'),
(211, 41.32, 114847.00, 4739.22, '2025-08-23T15:37:25.184Z'),
(212, 41.32, 114845.00, 4738.50, '2025-08-23T15:37:44.219Z'),
(213, 41.32, 114847.00, 4739.22, '2025-08-23T15:37:55.185Z'),
(214, 41.32, 114845.00, 4738.50, '2025-08-23T15:38:14.219Z'),
(215, 41.32, 114847.00, 4739.22, '2025-08-23T15:38:25.185Z'),
(216, 41.32, 114845.00, 4738.50, '2025-08-23T15:38:44.219Z'),
(217, 41.32, 114844.00, 4742.27, '2025-08-23T15:39:37.708Z'),
(218, 41.32, 114844.00, 4742.27, '2025-08-23T15:40:21.296Z'),
(219, 41.32, 114844.00, 4742.27, '2025-08-23T15:40:50.180Z'),
(220, 41.32, 114844.00, 4742.27, '2025-08-23T15:41:20.180Z'),
(221, 41.32, 114844.00, 4742.27, '2025-08-23T15:41:50.180Z'),
(222, 41.32, 114844.00, 4742.27, '2025-08-23T15:42:20.180Z'),
(223, 41.32, 114844.00, 4742.27, '2025-08-23T15:42:50.180Z'),
(224, 41.32, 114844.00, 4742.27, '2025-08-23T15:43:20.180Z'),
(225, 41.32, 114844.00, 4742.27, '2025-08-23T15:43:50.180Z'),
(226, 41.32, 114844.00, 4742.27, '2025-08-23T15:44:20.180Z'),
(227, 41.32, 114844.00, 4742.27, '2025-08-23T15:44:50.180Z'),
(228, 41.32, 114844.00, 4742.27, '2025-08-23T15:45:20.180Z'),
(229, 41.32, 114874.00, 4748.05, '2025-08-23T15:45:50.341Z'),
(230, 41.32, 114874.00, 4748.05, '2025-08-23T15:46:20.180Z'),
(231, 41.32, 114874.00, 4748.05, '2025-08-23T15:46:50.180Z'),
(232, 41.32, 114874.00, 4748.05, '2025-08-23T15:47:20.180Z'),
(233, 41.32, 114874.00, 4748.05, '2025-08-23T15:47:50.180Z'),
(234, 41.32, 114874.00, 4748.05, '2025-08-23T15:48:20.180Z'),
(235, 41.32, 114874.00, 4748.05, '2025-08-23T15:48:50.180Z'),
(236, 41.32, 114874.00, 4748.05, '2025-08-23T15:49:20.180Z'),
(237, 41.32, 114874.00, 4748.05, '2025-08-23T15:49:50.180Z'),
(238, 41.32, 114874.00, 4748.05, '2025-08-23T15:50:20.180Z'),
(239, 41.32, 114874.00, 4748.05, '2025-08-23T15:50:50.180Z'),
(240, 41.32, 114841.00, 4751.51, '2025-08-23T15:51:20.403Z'),
(241, 41.32, 114841.00, 4751.51, '2025-08-23T15:51:50.180Z'),
(242, 41.32, 114841.00, 4751.51, '2025-08-23T15:52:20.180Z'),
(243, 41.32, 114841.00, 4751.51, '2025-08-23T15:52:50.180Z'),
(244, 41.32, 114841.00, 4751.51, '2025-08-23T15:53:20.180Z'),
(245, 41.32, 114841.00, 4751.51, '2025-08-23T15:53:50.180Z'),
(246, 41.32, 114841.00, 4751.51, '2025-08-23T15:54:20.180Z'),
(247, 41.32, 114841.00, 4751.51, '2025-08-23T15:54:50.182Z'),
(248, 41.32, 114841.00, 4751.51, '2025-08-23T15:55:20.182Z'),
(249, 41.32, 114841.00, 4751.51, '2025-08-23T15:55:50.182Z'),
(250, 41.32, 114841.00, 4751.51, '2025-08-23T15:56:20.182Z'),
(251, 41.32, 114817.00, 4756.82, '2025-08-23T15:56:50.383Z'),
(252, 41.32, 114817.00, 4756.82, '2025-08-23T15:57:20.181Z'),
(253, 41.32, 114817.00, 4756.82, '2025-08-23T15:57:50.182Z'),
(254, 41.32, 114817.00, 4756.82, '2025-08-23T15:58:20.183Z'),
(255, 41.32, 114817.00, 4756.82, '2025-08-23T15:58:50.183Z'),
(256, 41.32, 114817.00, 4756.82, '2025-08-23T15:59:20.183Z'),
(257, 41.32, 114817.00, 4756.82, '2025-08-23T15:59:50.183Z'),
(258, 41.32, 114817.00, 4756.82, '2025-08-23T16:00:20.183Z'),
(259, 41.32, 114817.00, 4756.82, '2025-08-23T16:00:50.183Z'),
(260, 41.32, 114817.00, 4756.82, '2025-08-23T16:01:20.183Z'),
(261, 41.32, 114817.00, 4756.82, '2025-08-23T16:01:50.183Z'),
(262, 41.32, 114788.00, 4749.13, '2025-08-23T16:02:20.394Z'),
(263, 41.32, 114788.00, 4749.13, '2025-08-23T16:02:50.183Z'),
(264, 41.32, 114788.00, 4749.13, '2025-08-23T16:03:20.183Z'),
(265, 41.32, 114788.00, 4749.13, '2025-08-23T16:03:50.183Z'),
(266, 41.32, 114788.00, 4749.13, '2025-08-23T16:04:20.183Z'),
(267, 41.32, 114788.00, 4749.13, '2025-08-23T16:04:50.183Z'),
(275, 41.32, 114753.00, 4749.13, '2025-08-23T16:08:50.184Z'),
(277, 41.32, 114753.00, 4749.13, '2025-08-23T16:09:50.184Z'),
(279, 41.32, 114753.00, 4749.13, '2025-08-23T16:10:50.184Z'),
(283, 41.32, 114753.00, 4749.13, '2025-08-23T16:12:50.184Z'),
(291, 41.32, 114744.00, 4752.13, '2025-08-23T16:16:50.186Z'),
(294, 41.32, 114744.00, 4752.13, '2025-08-23T16:18:20.186Z'),
(296, 41.32, 114700.00, 4748.76, '2025-08-23T16:19:20.186Z'),
(297, 41.32, 114700.00, 4748.76, '2025-08-23T16:19:50.186Z'),
(299, 41.32, 114700.00, 4748.76, '2025-08-23T16:20:50.187Z'),
(302, 41.32, 114700.00, 4748.76, '2025-08-23T16:22:20.188Z'),
(303, 41.32, 114700.00, 4748.76, '2025-08-23T16:22:50.189Z'),
(305, 41.32, 114700.00, 4748.76, '2025-08-23T16:23:50.189Z'),
(306, 41.32, 114762.00, 4752.36, '2025-08-23T16:24:20.396Z'),
(307, 41.32, 114762.00, 4752.36, '2025-08-23T16:24:50.189Z'),
(309, 41.32, 114762.00, 4752.36, '2025-08-23T16:25:50.189Z'),
(268, 41.32, 114788.00, 4749.13, '2025-08-23T16:05:20.183Z'),
(272, 41.32, 114788.00, 4749.13, '2025-08-23T16:07:20.184Z'),
(273, 41.32, 114753.00, 4749.13, '2025-08-23T16:07:50.414Z'),
(276, 41.32, 114753.00, 4749.13, '2025-08-23T16:09:20.184Z'),
(280, 41.32, 114753.00, 4749.13, '2025-08-23T16:11:20.184Z'),
(281, 41.32, 114753.00, 4749.13, '2025-08-23T16:11:50.184Z'),
(282, 41.32, 114753.00, 4749.13, '2025-08-23T16:12:20.184Z'),
(284, 41.32, 114744.00, 4752.13, '2025-08-23T16:13:20.352Z'),
(285, 41.32, 114744.00, 4752.13, '2025-08-23T16:13:50.184Z'),
(286, 41.32, 114744.00, 4752.13, '2025-08-23T16:14:20.184Z'),
(287, 41.32, 114744.00, 4752.13, '2025-08-23T16:14:50.185Z'),
(288, 41.32, 114744.00, 4752.13, '2025-08-23T16:15:20.185Z'),
(290, 41.32, 114744.00, 4752.13, '2025-08-23T16:16:20.186Z'),
(292, 41.32, 114744.00, 4752.13, '2025-08-23T16:17:20.186Z'),
(293, 41.32, 114744.00, 4752.13, '2025-08-23T16:17:50.186Z'),
(301, 41.32, 114700.00, 4748.76, '2025-08-23T16:21:50.188Z'),
(310, 41.32, 114762.00, 4752.36, '2025-08-23T16:26:20.189Z'),
(311, 41.32, 114762.00, 4752.36, '2025-08-23T16:26:50.189Z'),
(269, 41.32, 114788.00, 4749.13, '2025-08-23T16:05:50.184Z'),
(270, 41.32, 114788.00, 4749.13, '2025-08-23T16:06:20.184Z'),
(271, 41.32, 114788.00, 4749.13, '2025-08-23T16:06:50.184Z'),
(274, 41.32, 114753.00, 4749.13, '2025-08-23T16:08:20.184Z'),
(278, 41.32, 114753.00, 4749.13, '2025-08-23T16:10:20.184Z'),
(289, 41.32, 114744.00, 4752.13, '2025-08-23T16:15:50.185Z'),
(295, 41.32, 114700.00, 4748.76, '2025-08-23T16:18:50.344Z'),
(298, 41.32, 114700.00, 4748.76, '2025-08-23T16:20:20.186Z'),
(300, 41.32, 114700.00, 4748.76, '2025-08-23T16:21:20.187Z'),
(304, 41.32, 114700.00, 4748.76, '2025-08-23T16:23:20.189Z'),
(308, 41.32, 114762.00, 4752.36, '2025-08-23T16:25:20.189Z'),
(312, 41.32, 114762.00, 4752.36, '2025-08-23T16:27:20.189Z'),
(313, 41.32, 114762.00, 4752.36, '2025-08-23T16:27:50.189Z'),
(314, 41.32, 114762.00, 4752.36, '2025-08-23T16:28:20.189Z'),
(315, 41.32, 114762.00, 4752.36, '2025-08-23T16:28:50.189Z'),
(316, 41.32, 114762.00, 4752.36, '2025-08-23T16:29:20.189Z'),
(317, 41.32, 114834.00, 4754.14, '2025-08-23T16:29:50.363Z'),
(318, 41.32, 114834.00, 4754.14, '2025-08-23T16:30:20.190Z'),
(319, 41.32, 114834.00, 4754.14, '2025-08-23T16:30:50.190Z'),
(320, 41.32, 114834.00, 4754.14, '2025-08-23T16:31:20.190Z'),
(321, 41.32, 114834.00, 4754.14, '2025-08-23T16:31:50.190Z'),
(322, 41.32, 114834.00, 4754.14, '2025-08-23T16:32:20.190Z'),
(323, 41.32, 114834.00, 4754.14, '2025-08-23T16:32:50.190Z'),
(324, 41.32, 114834.00, 4754.14, '2025-08-23T16:33:20.191Z'),
(325, 41.32, 114834.00, 4754.14, '2025-08-23T16:33:50.191Z'),
(326, 41.32, 114834.00, 4754.14, '2025-08-23T16:34:20.191Z'),
(327, 41.32, 114834.00, 4754.14, '2025-08-23T16:34:50.191Z'),
(328, 41.32, 114813.00, 4750.91, '2025-08-23T16:35:20.382Z'),
(329, 41.32, 114813.00, 4750.91, '2025-08-23T16:35:50.191Z'),
(330, 41.32, 114813.00, 4750.91, '2025-08-23T16:36:20.191Z'),
(331, 41.32, 114813.00, 4750.91, '2025-08-23T16:36:50.191Z'),
(332, 41.32, 114813.00, 4750.91, '2025-08-23T16:37:20.191Z'),
(333, 41.32, 114813.00, 4750.91, '2025-08-23T16:37:50.192Z'),
(334, 41.32, 114813.00, 4750.91, '2025-08-23T16:38:20.192Z'),
(335, 41.32, 114813.00, 4750.91, '2025-08-23T16:38:50.192Z'),
(336, 41.32, 114813.00, 4750.91, '2025-08-23T16:39:20.192Z'),
(337, 41.32, 114813.00, 4750.91, '2025-08-23T16:39:50.192Z'),
(338, 41.32, 114813.00, 4750.91, '2025-08-23T16:40:20.192Z'),
(339, 41.32, 114826.00, 4752.08, '2025-08-23T16:40:50.352Z'),
(340, 41.32, 114826.00, 4752.08, '2025-08-23T16:41:20.192Z'),
(341, 41.32, 114826.00, 4752.08, '2025-08-23T16:41:50.192Z'),
(342, 41.32, 114826.00, 4752.08, '2025-08-23T16:42:20.192Z'),
(343, 41.32, 114826.00, 4752.08, '2025-08-23T16:42:50.192Z'),
(344, 41.32, 114826.00, 4752.08, '2025-08-23T16:43:20.193Z'),
(345, 41.32, 114826.00, 4752.08, '2025-08-23T16:43:50.193Z'),
(346, 41.32, 114826.00, 4752.08, '2025-08-23T16:44:20.193Z'),
(347, 41.32, 114826.00, 4752.08, '2025-08-23T16:44:50.193Z'),
(348, 41.32, 114826.00, 4752.08, '2025-08-23T16:45:20.193Z'),
(349, 41.32, 114826.00, 4752.08, '2025-08-23T16:45:50.193Z'),
(350, 41.32, 114736.00, 4746.10, '2025-08-23T16:46:20.344Z'),
(351, 41.32, 114736.00, 4746.10, '2025-08-23T16:46:50.194Z'),
(352, 41.32, 114736.00, 4746.10, '2025-08-23T16:47:20.194Z'),
(353, 41.32, 114736.00, 4746.10, '2025-08-23T16:47:50.194Z'),
(354, 41.32, 114736.00, 4746.10, '2025-08-23T16:48:20.194Z'),
(355, 41.32, 114736.00, 4746.10, '2025-08-23T16:48:50.194Z'),
(356, 41.32, 114736.00, 4746.10, '2025-08-23T16:49:20.194Z'),
(357, 41.32, 114736.00, 4746.10, '2025-08-23T16:49:50.194Z'),
(358, 41.32, 114736.00, 4746.10, '2025-08-23T16:50:20.194Z'),
(359, 41.32, 114736.00, 4746.10, '2025-08-23T16:50:50.194Z'),
(360, 41.32, 114736.00, 4746.10, '2025-08-23T16:51:20.194Z'),
(361, 41.32, 114798.00, 4746.33, '2025-08-23T16:51:50.376Z'),
(362, 41.32, 114798.00, 4746.33, '2025-08-23T16:52:20.194Z'),
(363, 41.32, 114798.00, 4746.33, '2025-08-23T16:52:50.194Z'),
(364, 41.32, 114798.00, 4746.33, '2025-08-23T16:53:20.194Z'),
(365, 41.32, 114798.00, 4746.33, '2025-08-23T16:53:50.194Z'),
(366, 41.32, 114798.00, 4746.33, '2025-08-23T16:54:20.194Z'),
(367, 41.32, 114798.00, 4746.33, '2025-08-23T16:54:50.194Z'),
(368, 41.32, 114798.00, 4746.33, '2025-08-23T16:55:20.194Z'),
(369, 41.32, 114798.00, 4746.33, '2025-08-23T16:55:50.194Z'),
(370, 41.32, 114798.00, 4746.33, '2025-08-23T16:56:20.194Z'),
(371, 41.32, 114798.00, 4746.33, '2025-08-23T16:56:50.194Z'),
(372, 41.32, 114940.00, 4745.36, '2025-08-23T16:57:20.383Z'),
(373, 41.32, 114940.00, 4745.36, '2025-08-23T16:57:50.194Z'),
(374, 41.32, 114940.00, 4745.36, '2025-08-23T16:58:20.194Z'),
(375, 41.32, 114940.00, 4745.36, '2025-08-23T16:58:50.194Z'),
(376, 41.32, 114940.00, 4745.36, '2025-08-23T16:59:20.194Z'),
(377, 41.32, 114940.00, 4745.36, '2025-08-23T16:59:50.195Z'),
(378, 41.32, 114940.00, 4745.36, '2025-08-23T17:00:20.195Z'),
(379, 41.32, 114940.00, 4745.36, '2025-08-23T17:00:50.195Z'),
(380, 41.32, 114940.00, 4745.36, '2025-08-23T17:01:20.195Z'),
(381, 41.32, 114940.00, 4745.36, '2025-08-23T17:01:50.195Z'),
(382, 41.32, 114940.00, 4745.36, '2025-08-23T17:02:20.195Z'),
(383, 41.32, 114988.00, 4741.87, '2025-08-23T17:02:50.403Z'),
(384, 41.32, 114988.00, 4741.87, '2025-08-23T17:03:20.196Z'),
(385, 41.32, 114988.00, 4741.87, '2025-08-23T17:03:50.197Z'),
(386, 41.32, 114988.00, 4741.87, '2025-08-23T17:04:20.197Z'),
(387, 41.32, 114988.00, 4741.87, '2025-08-23T17:04:50.197Z'),
(388, 41.32, 114988.00, 4741.87, '2025-08-23T17:05:20.197Z'),
(389, 41.32, 114988.00, 4741.87, '2025-08-23T17:05:50.198Z'),
(390, 41.32, 114988.00, 4741.87, '2025-08-23T17:06:20.198Z'),
(391, 41.32, 114988.00, 4741.87, '2025-08-23T17:06:50.198Z'),
(392, 41.32, 114988.00, 4741.87, '2025-08-23T17:07:20.198Z'),
(393, 41.32, 114988.00, 4741.87, '2025-08-23T17:07:50.198Z'),
(394, 41.32, 115022.00, 4747.60, '2025-08-23T17:08:20.366Z'),
(395, 41.32, 115022.00, 4747.60, '2025-08-23T17:08:50.198Z'),
(396, 41.32, 115022.00, 4747.60, '2025-08-23T17:09:20.198Z'),
(397, 41.32, 115022.00, 4747.60, '2025-08-23T17:09:50.198Z'),
(398, 41.32, 115022.00, 4747.60, '2025-08-23T17:10:20.198Z'),
(399, 41.32, 115022.00, 4747.60, '2025-08-23T17:10:50.198Z'),
(400, 41.32, 115022.00, 4747.60, '2025-08-23T17:11:20.198Z'),
(401, 41.32, 115022.00, 4747.60, '2025-08-23T17:11:50.198Z'),
(402, 41.32, 115022.00, 4747.60, '2025-08-23T17:12:20.198Z'),
(403, 41.32, 115022.00, 4747.60, '2025-08-23T17:12:50.198Z'),
(404, 41.32, 115022.00, 4747.60, '2025-08-23T17:13:20.198Z'),
(405, 41.32, 115064.00, 4744.19, '2025-08-23T17:13:50.412Z'),
(406, 41.32, 115064.00, 4744.19, '2025-08-23T17:14:20.198Z'),
(407, 41.32, 115064.00, 4744.19, '2025-08-23T17:14:50.198Z'),
(408, 41.32, 115064.00, 4744.19, '2025-08-23T17:15:20.198Z'),
(409, 41.32, 115064.00, 4744.19, '2025-08-23T17:15:50.198Z'),
(410, 41.32, 115064.00, 4744.19, '2025-08-23T17:16:20.198Z'),
(411, 41.32, 115064.00, 4744.19, '2025-08-23T17:16:50.198Z'),
(412, 41.32, 115064.00, 4744.19, '2025-08-23T17:17:20.198Z'),
(413, 41.32, 115064.00, 4744.19, '2025-08-23T17:17:50.198Z'),
(414, 41.32, 115064.00, 4744.19, '2025-08-23T17:18:20.198Z'),
(415, 41.32, 115064.00, 4744.19, '2025-08-23T17:18:50.198Z'),
(416, 41.32, 114996.00, 4744.06, '2025-08-23T17:19:20.370Z'),
(417, 41.32, 114996.00, 4744.06, '2025-08-23T17:19:50.197Z'),
(418, 41.32, 114996.00, 4744.06, '2025-08-23T17:20:20.198Z'),
(419, 41.32, 114996.00, 4744.06, '2025-08-23T17:20:50.198Z'),
(420, 41.32, 114996.00, 4744.06, '2025-08-23T17:21:20.198Z'),
(421, 41.32, 114996.00, 4744.06, '2025-08-23T17:21:50.198Z'),
(422, 41.32, 114996.00, 4744.06, '2025-08-23T17:22:20.198Z'),
(423, 41.32, 114972.00, 4738.47, '2025-08-23T17:26:09.016Z'),
(424, 41.32, 114972.00, 4738.47, '2025-08-23T17:26:37.383Z'),
(425, 41.32, 114972.00, 4738.47, '2025-08-23T17:27:07.384Z'),
(426, 41.32, 114972.00, 4738.47, '2025-08-23T17:27:41.558Z'),
(427, 41.32, 114972.00, 4738.47, '2025-08-23T17:28:10.551Z'),
(428, 41.32, 114972.00, 4738.47, '2025-08-23T17:28:40.551Z'),
(429, 41.32, 114972.00, 4738.47, '2025-08-23T17:29:10.551Z'),
(430, 41.32, 114943.00, 4733.31, '2025-08-23T17:29:28.906Z'),
(431, 41.32, 114943.00, 4733.31, '2025-08-23T17:29:57.584Z'),
(432, 41.32, 114943.00, 4733.31, '2025-08-23T17:30:27.584Z'),
(433, 41.32, 114943.00, 4733.31, '2025-08-23T17:30:57.584Z'),
(434, 41.32, 114943.00, 4733.31, '2025-08-23T17:31:27.584Z'),
(435, 41.32, 114943.00, 4733.31, '2025-08-23T17:31:57.584Z'),
(436, 41.32, 114943.00, 4733.31, '2025-08-23T17:32:27.584Z'),
(437, 41.32, 114943.00, 4733.31, '2025-08-23T17:32:57.584Z'),
(438, 41.32, 114943.00, 4733.31, '2025-08-23T17:33:27.584Z'),
(439, 41.32, 114943.00, 4733.31, '2025-08-23T17:33:57.584Z'),
(440, 41.32, 114943.00, 4733.31, '2025-08-23T17:34:27.584Z'),
(441, 41.32, 115004.00, 4733.28, '2025-08-23T17:34:57.824Z'),
(442, 41.32, 115004.00, 4733.28, '2025-08-23T17:35:27.584Z'),
(443, 41.32, 115004.00, 4733.28, '2025-08-23T17:35:57.584Z'),
(444, 41.32, 115004.00, 4733.28, '2025-08-23T17:36:27.584Z'),
(445, 41.32, 115004.00, 4733.28, '2025-08-23T17:36:57.584Z');
