[
  {
    "id": 1,
    "fromCardId": 6,
    "toCardId": 2,
    "amount": "0.10000000",
    "convertedAmount": "11500.90000000",
    "type": "transfer",
    "wallet": null,
    "status": "completed",
    "createdAt": "2025-08-23T13:55:45.037Z",
    "description": "Перевод 0.10000000 CRYPTO → 11500.90 USD (курс: 115009.00)",
    "fromCardNumber": "4111 6811 2618 9390",
    "toCardNumber": "4112322062136520"
  },
  {
    "id": 2,
    "fromCardId": 6,
    "toCardId": 2,
    "amount": "0.00100000",
    "convertedAmount": "0.00000001",
    "type": "commission",
    "wallet": null,
    "status": "completed",
    "createdAt": "2025-08-23T13:55:45.386Z",
    "description": "Комиссия за перевод (0.00000001 BTC)",
    "fromCardNumber": "4111 6811 2618 9390",
    "toCardNumber": "REGULATOR"
  }
]